name,price,capacity,price_per_gb,type,cache,form_factor,interface,purpose,performance_score
Samsung 970 Evo Plus,54.99,1000.0,0.055,SSD,1024.0,M.2-2280,M.2 PCIe 3.0 X4,General,3.945003594536304
Samsung 980 Pro,99.99,2000.0,0.05,SSD,2048.0,M.2-2280,M.2 PCIe 4.0 X4,Gaming,11.130375946208819
Kingston NV2,42.99,1000.0,0.043,SSD,0.0,M.2-2280,M.2 PCIe 4.0 X4,Gaming,5.718580484935624
Seagate Barracuda Compute,55.0,2000.0,0.028,7200,256.0,3.5,SATA 6.0 Gb/s,General,4.615880413495624
Samsung 990 Pro,169.99,2000.0,0.085,SSD,2048.0,M.2-2280,M.2 PCIe 4.0 X4,Gaming,6.600571782054068
Western Digital Black SN770,49.99,1000.0,0.05,SSD,0.0,M.2-2280,M.2 PCIe 4.0 X4,Gaming,4.9336772811209295
Crucial P3,39.99,1000.0,0.04,SSD,0.0,M.2-2280,M.2 PCIe 3.0 X4,General,4.602759902509161
TEAMGROUP QX,2499.98,15300.0,0.163,SSD,0.0,2.5,SATA 6.0 Gb/s,General,11.737037751398361
Samsung 870 Evo,59.99,1000.0,0.06,SSD,1024.0,2.5,SATA 6.0 Gb/s,Office,2.590423212454773
Western Digital Black SN850X,139.99,2000.0,0.07,SSD,0.0,M.2-2280,M.2 PCIe 4.0 X4,Gaming,7.087818065835703
Seagate BarraCuda,63.98,4000.0,0.016,5400,256.0,3.5,SATA 6.0 Gb/s,Storage,15.2746648623504
Western Digital Blue SN570,45.99,1000.0,0.046,SSD,0.0,M.2-2280,M.2 PCIe 3.0 X4,General,4.015173531976077
Crucial P3 Plus,49.99,1000.0,0.05,SSD,0.0,M.2-2280,M.2 PCIe 4.0 X4,Gaming,4.9336772811209295
Samsung 980,49.99,1000.0,0.05,SSD,0.0,M.2-2280,M.2 PCIe 3.0 X4,General,3.700257960840698
TEAMGROUP MP33,38.49,1000.0,0.038,SSD,0.0,M.2-2280,M.2 PCIe 3.0 X4,General,4.8387988718686055
Silicon Power A60,35.97,1000.0,0.036,SSD,0.0,M.2-2280,M.2 PCIe 3.0 X4,General,5.100355567645287
Crucial P5 Plus,122.99,2000.0,0.061,SSD,2048.0,M.2-2280,M.2 PCIe 4.0 X4,Gaming,9.155631826720159
Western Digital Caviar Blue,41.0,1000.0,0.041,7200,64.0,3.5,SATA 6.0 Gb/s,General,1.5456506110711714
Sabrent Rocket 4 Plus,999.99,8000.0,0.125,SSD,0.0,M.2-2280,M.2 PCIe 4.0 X4,Gaming,15.975716910296349
MSI SPATIUM M371,34.99,1000.0,0.035,SSD,0.0,M.2-2280,M.2 PCIe 3.0 X4,General,5.242032111190988
Samsung 870 QVO,399.99,8000.0,0.05,SSD,0.0,2.5,SATA 6.0 Gb/s,General,19.734709124483718
Kingston A400,16.98,240.0,0.071,SSD,0.0,2.5,SATA 6.0 Gb/s,Office,0.4193625688952791
Intel 670p,69.98,2000.0,0.035,SSD,0.0,M.2-2280,M.2 PCIe 3.0 X4,General,10.484064222381976
Crucial T700,572.96,4000.0,0.143,SSD,0.0,M.2-2280,M.2 PCIe 5.0 X4,Gaming,8.736720185318314
Crucial MX500,47.99,1000.0,0.048,SSD,1024.0,2.5,SATA 6.0 Gb/s,Office,3.224812570606962
Western Digital Gold,549.99,22000.0,0.025,7200,512.0,3.5,SATA 6.0 Gb/s,Storage,53.846153846153825
Kingston KC3000,145.13,2048.0,0.071,SSD,0.0,M.2-2280,M.2 PCIe 4.0 X4,Gaming,7.157121175812764
Western Digital Blue,53.99,2000.0,0.027,7200,256.0,3.5,SATA 6.0 Gb/s,General,4.780733285406182
Seagate IronWolf Pro NAS,289.99,22000.0,0.013,7200,512.0,3.5,SATA 6.0 Gb/s,Storage,100.0
MSI SPATIUM M450,37.99,1000.0,0.038,SSD,0.0,M.2-2280,M.2 PCIe 4.0 X4,Gaming,6.451731829158141
Silicon Power P34A60,22.97,512.0,0.045,SSD,0.0,M.2-2280,M.2 PCIe 3.0 X4,General,2.1004594755102675
Corsair MP600 PRO XT,1014.99,8000.0,0.127,SSD,0.0,M.2-2280,M.2 PCIe 4.0 X4,Gaming,15.726096333572967
Silicon Power UD90,78.97,2000.0,0.039,SSD,0.0,M.2-2280,M.2 PCIe 4.0 X4,Gaming,12.580877066858372
Samsung 980 Pro w/Heatsink,126.0,2000.0,0.063,SSD,2048.0,M.2-2280,M.2 PCIe 4.0 X4,Gaming,8.869518332135153
Solidigm P41 Plus,79.99,2000.0,0.04,SSD,0.0,M.2-2280,M.2 PCIe 4.0 X4,Gaming,12.274026406691096
Western Digital WD_BLACK,134.99,4000.0,0.034,7200,256.0,3.5,SATA 6.0 Gb/s,Storage,7.419122933141623
Solidigm P44 Pro,129.99,2000.0,0.065,SSD,0.0,M.2-2280,M.2 PCIe 4.0 X4,Gaming,7.624773979914165
MSI SPATIUM M461,49.98,1000.0,0.05,SSD,0.0,M.2-2280,M.2 PCIe 4.0 X4,Gaming,4.9336772811209295
Samsung 990 Pro w/Heatsink,179.99,2000.0,0.09,SSD,2048.0,M.2-2280,M.2 PCIe 4.0 X4,Gaming,6.237903002820329
Crucial T700 W/Heatsink,598.05,4000.0,0.15,SSD,0.0,M.2-2280,M.2 PCIe 5.0 X4,Gaming,8.331706666793625
Kingston Fury Renegade,149.99,2000.0,0.075,SSD,0.0,M.2-2280,M.2 PCIe 4.0 X4,Gaming,6.621514245714934
Silicon Power A55,34.97,1000.0,0.035,SSD,0.0,2.5,SATA 6.0 Gb/s,Office,3.494688074127325
Samsung 860 Evo,110.0,1000.0,0.11,SSD,1024.0,2.5,SATA 6.0 Gb/s,Office,1.4235659095472177
Seagate IronWolf NAS,129.99,8000.0,0.016,7200,256.0,3.5,SATA 6.0 Gb/s,Storage,30.07569670571319
Corsair MP600 PRO NH,909.99,8000.0,0.114,SSD,0.0,M.2-2280,M.2 PCIe 4.0 X4,Gaming,17.503828962585562
Seagate Exos X20,288.99,20000.0,0.014,7200,256.0,3.5,SATA 6.0 Gb/s,Storage,84.40929786724179
Seagate FireCuda 530,132.75,2000.0,0.066,SSD,0.0,M.2-2280,M.2 PCIe 4.0 X4,Gaming,7.510971383199028
TEAMGROUP MP34,75.98,2000.0,0.038,SSD,0.0,M.2-2280,M.2 PCIe 3.0 X4,General,9.677597743737211
Western Digital DC HC530,159.0,14000.0,0.011,7200,512.0,3.5,SATA 6.0 Gb/s,Storage,74.73040977713873
TEAMGROUP MS30,19.98,512.0,0.039,SSD,0.0,M.2-2280,M.2 SATA,Office,1.6103522645578718
Corsair MP600 CORE XT,94.99,2000.0,0.047,SSD,0.0,M.2-2280,M.2 PCIe 4.0 X4,Gaming,10.484064222381976
Patriot Burst Elite,11.49,120.0,0.096,SSD,0.0,2.5,SATA 6.0 Gb/s,Office,0.1556397162910314
Mushkin ALPHA,1488.88,8000.0,0.186,SSD,0.0,M.2-2280,M.2 PCIe 3.0 X4,General,8.073290096379704
Western Digital Green SN350,43.99,1000.0,0.044,SSD,0.0,M.2-2280,M.2 PCIe 3.0 X4,General,4.193625688952791
Silicon Power UD85,72.97,2000.0,0.036,SSD,0.0,M.2-2280,M.2 PCIe 4.0 X4,Gaming,13.600948180387432
Silicon Power XS70,104.97,2000.0,0.052,SSD,0.0,M.2-2280,M.2 PCIe 4.0 X4,Gaming,9.495001559893112
Crucial P2,62.03,1000.0,0.062,SSD,0.0,M.2-2280,M.2 PCIe 3.0 X4,General,2.9954469206805654
Western Digital Black SN850X w/Heatsink,142.99,2000.0,0.071,SSD,0.0,M.2-2280,M.2 PCIe 4.0 X4,Gaming,6.989376148254652
Sabrent Rocket 4.0,59.99,1000.0,0.06,SSD,0.0,M.2-2280,M.2 PCIe 4.0 X4,Gaming,4.12487772683881
ADATA XPG GAMMIX S70 Blade,54.99,1000.0,0.055,SSD,0.0,M.2-2280,M.2 PCIe 4.0 X4,Gaming,4.493170381020848
Patriot P300,17.98,256.0,0.07,SSD,0.0,M.2-2280,M.2 PCIe 3.0 X4,General,0.6804305343202275
Silicon Power A80,78.97,2000.0,0.039,SSD,0.0,M.2-2280,M.2 PCIe 3.0 X4,General,9.43565780014378
TEAMGROUP Cardea Zero Z440 Graphene,48.99,1000.0,0.049,SSD,0.0,M.2-2280,M.2 PCIe 4.0 X4,Gaming,5.032350826743349
Leven JPS600,63.99,2000.0,0.032,SSD,0.0,M.2-2280,M.2 PCIe 3.0 X4,General,11.437160969871247
Samsung 970 Evo,105.0,1000.0,0.105,SSD,1024.0,M.2-2280,M.2 PCIe 3.0 X4,General,2.0841528423965383
Seagate IronWolf Pro,124.99,4000.0,0.031,7200,256.0,3.5,SATA 6.0 Gb/s,Storage,8.11466570812365
Crucial BX500,41.99,1000.0,0.042,SSD,0.0,2.5,SATA 6.0 Gb/s,Office,2.9257853643856677
TEAMGROUP MP44L,87.99,2000.0,0.044,SSD,0.0,M.2-2280,M.2 PCIe 4.0 X4,Gaming,11.183001837207442
Western Digital Blue SN550,91.44,1000.0,0.091,SSD,0.0,M.2-2280,M.2 PCIe 3.0 X4,General,2.0512299565529957
Western Digital Red,68.45,4000.0,0.017,5400,256.0,3.5,SATA 6.0 Gb/s,Storage,14.4260723699976
TEAMGROUP Cardea Zero Z440,88.99,2000.0,0.044,SSD,0.0,M.2-2280,M.2 PCIe 4.0 X4,Gaming,11.183001837207442
ADATA Legend 800,89.99,2000.0,0.045,SSD,0.0,M.2-2280,M.2 PCIe 4.0 X4,Gaming,10.939893101615977
Lexar NM620,69.0,1000.0,0.069,SSD,0.0,M.2-2280,M.2 PCIe 3.0 X4,General,2.6959022286125083
Toshiba MK3276GSX,12.7,320.0,0.04,5400,8.0,2.5,SATA 3.0 Gb/s,General,0.4970980694709894
Western Digital Black SN750,112.97,1000.0,0.113,SSD,0.0,M.2-2280,M.2 PCIe 3.0 X4,General,1.655378561428733
MSI SPATIUM M570 HS,289.99,2000.0,0.145,SSD,4096.0,M.2-2280,M.2 PCIe 5.0 X4,Gaming,5.190904345942112
Intel 750,2488.87,1200.0,2.074,SSD,0.0,PCIe,PCIe x4,General,0.03637843971139771
PNY CS1030,35.99,1000.0,0.036,SSD,0.0,M.2-2280,M.2 PCIe 3.0 X4,General,5.100355567645287
Seagate Surveillance HDD,100.0,2000.0,0.05,5400,64.0,3.5,SATA 6.0 Gb/s,General,2.5063080588094326
ADATA XPG SX8200 Pro,44.99,1000.0,0.045,SSD,0.0,M.2-2280,M.2 PCIe 3.0 X4,General,4.102459913105991
Seagate FireCuda,89.99,4000.0,0.022,7200,256.0,3.5,SATA 6.0 Gb/s,Storage,11.289969680867687
Corsair MP700,289.99,2000.0,0.145,SSD,0.0,M.2-2280,M.2 PCIe 5.0 X4,Gaming,4.308519543444648
Leven JS600,32.99,1000.0,0.033,SSD,0.0,2.5,SATA 6.0 Gb/s,Office,3.700257960840698
SK Hynix Platinum P41,71.98,1000.0,0.072,SSD,0.0,M.2-2280,M.2 PCIe 4.0 X4,Gaming,3.446815634755719
PNY CS900,34.99,1000.0,0.035,SSD,0.0,2.5,SATA 6.0 Gb/s,Office,3.494688074127325
Mushkin ELEMENT,20.41,128.0,0.159,SSD,0.0,2.5,SATA 6.0 Gb/s,Office,0.10064701653486699
TEAMGROUP T-Force Vulcan Z,38.49,1000.0,0.038,SSD,0.0,2.5,SATA 6.0 Gb/s,Office,3.2258659145790705
Western Digital Red Pro,409.99,22000.0,0.019,7200,512.0,3.5,SATA 6.0 Gb/s,Storage,69.99999999999999
Corsair MP600,62.99,1000.0,0.063,SSD,0.0,M.2-2280,M.2 PCIe 4.0 X4,Gaming,3.9315240833932417
Acer Predator GM7000,109.99,2000.0,0.055,SSD,2048.0,M.2-2280,M.2 PCIe 4.0 X4,Gaming,10.136592379583034
SK Hynix Gold P31,51.19,1000.0,0.051,SSD,0.0,M.2-2280,M.2 PCIe 3.0 X4,General,3.629099153901454
Timetec 35TTFP6PCIE,35.99,1000.0,0.036,SSD,0.0,M.2-2280,M.2 PCIe 3.0 X4,General,5.100355567645287
Western Digital Black SN850,94.99,1000.0,0.095,SSD,0.0,M.2-2280,M.2 PCIe 4.0 X4,Gaming,2.621016055595494
Toshiba DT01ACA100,50.08,1000.0,0.05,7200,32.0,3.5,SATA 6.0 Gb/s,General,1.2531540294047163
Silicon Power SU128GBSS3A55S25AE,11.99,128.0,0.094,SSD,0.0,2.5,SATA 6.0 Gb/s,Office,0.16951076469030227
Seagate EXOS Enterprise,269.99,16000.0,0.017,7200,256.0,3.5,SATA 6.0 Gb/s,Storage,56.3623292595255
Intel 660p,65.98,1020.0,0.065,SSD,0.0,M.2-2280,M.2 PCIe 3.0 X4,General,2.9164760473171683
Western Digital Red Plus,209.99,12000.0,0.017,7200,256.0,3.5,SATA 6.0 Gb/s,Storage,42.3835769630162
Crucial P1,119.0,1000.0,0.119,SSD,0.0,M.2-2280,M.2 PCIe 3.0 X4,General,1.5726096333572965
Seagate Exos X18,259.99,18000.0,0.014,7200,256.0,3.5,SATA 6.0 Gb/s,Storage,76.02204648933619
ADATA SU630,19.98,240.0,0.083,SSD,0.0,2.5,SATA 6.0 Gb/s,Office,0.35945363048166773
SanDisk SSD PLUS,43.99,1000.0,0.044,SSD,0.0,2.5,SATA 6.0 Gb/s,Office,2.7957504593018605
Silicon Power P34A80,43.97,1000.0,0.044,SSD,0.0,M.2-2280,M.2 PCIe 3.0 X4,General,4.193625688952791
Western Digital WDBSLA0040HNC-NRSN,88.88,4000.0,0.022,7200,64.0,3.5,SATA 6.0 Gb/s,Storage,11.027412246428904
Gigabyte AORUS Gen4,137.99,2000.0,0.069,SSD,0.0,M.2-2280,M.2 PCIe 4.0 X4,Gaming,7.189072609633356
Seagate Constellation ES.3,28.5,1000.0,0.029,7200,128.0,3.5,SATA 6.0 Gb/s,General,2.231008866522885
TEAMGROUP AX2,65.98,2000.0,0.033,SSD,0.0,2.5,SATA 6.0 Gb/s,Office,7.400515921681396
PNY CS2140,78.0,2000.0,0.039,SSD,0.0,M.2-2280,M.2 PCIe 4.0 X4,Gaming,12.580877066858372
TEAMGROUP MP33 PRO,41.99,1000.0,0.042,SSD,0.0,M.2-2280,M.2 PCIe 3.0 X4,General,4.3886780465785025
Corsair MP600 GS,52.99,1000.0,0.053,SSD,0.0,M.2-2280,M.2 PCIe 4.0 X4,Gaming,4.659584098836435
ADATA Premium For PS5,84.99,2000.0,0.042,SSD,0.0,M.2-2280,M.2 PCIe 4.0 X4,Gaming,11.70314145754267
Samsung 860 Pro,1142.84,4000.0,0.286,SSD,4096.0,2.5,SATA 6.0 Gb/s,General,2.2023110238291452
Toshiba P300,43.06,1000.0,0.043,7200,64.0,3.5,SATA 6.0 Gb/s,General,1.475393765113391
Western Digital Black SN750 SE,139.99,1000.0,0.14,SSD,0.0,M.2-2280,M.2 PCIe 4.0 X4,Gaming,1.7845215697671448
Kingston A2000,119.99,1000.0,0.12,SSD,0.0,M.2-2280,M.2 PCIe 3.0 X4,General,1.5596128595278975
Sabrent Rocket Q,49.99,1000.0,0.05,SSD,0.0,M.2-2280,M.2 PCIe 3.0 X4,General,3.700257960840698
Corsair MP600 PRO LPX,124.99,2000.0,0.062,SSD,0.0,M.2-2280,M.2 PCIe 4.0 X4,Gaming,7.987858455148174
Gigabyte AORUS Gen4 7000s,75.81,1000.0,0.076,SSD,1024.0,M.2-2280,M.2 PCIe 4.0 X4,Gaming,3.6860335925756487
Kingston NV1,67.5,1000.0,0.068,SSD,0.0,M.2-2280,M.2 PCIe 3.0 X4,General,2.7349732754039935
KIOXIA EXCERIA,102.99,1000.0,0.103,SSD,0.0,M.2-2280,M.2 PCIe 3.0 X4,General,1.814549576950727
Samsung 960 Evo,58.5,250.0,0.234,SSD,512.0,M.2-2280,M.2 PCIe 3.0 X4,General,0.2692843048778622
TEAMGROUP CX2,34.99,1000.0,0.035,SSD,0.0,2.5,SATA 6.0 Gb/s,Office,3.494688074127325
Western Digital Green,55.14,240.0,0.23,SSD,0.0,2.5,SATA 6.0 Gb/s,Office,0.1307104110842428
Mushkin Vortex Redline,113.99,2000.0,0.057,SSD,1024.0,M.2-2280,M.2 PCIe 4.0 X4,Gaming,9.231760826991248
Samsung 960 Pro,599.99,2000.0,0.3,SSD,2048.0,M.2-2280,M.2 PCIe 3.0 X4,General,1.4679083142460667
Samsung 970 Pro,256.25,1000.0,0.256,SSD,1024.0,M.2-2280,M.2 PCIe 3.0 X4,General,0.859611678186899
Samsung 850 Evo,124.45,1000.0,0.124,SSD,0.0,2.5,SATA 6.0 Gb/s,Office,1.0064701653486698
ADATA XPG SPECTRIX S40G RGB,83.39,1000.0,0.083,SSD,0.0,M.2-2280,M.2 PCIe 3.0 X4,General,2.246585190510424
ADATA Ultimate SU650,15.25,120.0,0.127,SSD,0.0,2.5,SATA 6.0 Gb/s,Office,0.11794572250179725
Seagate BarraCuda Pro Compute,55.99,1000.0,0.056,7200,128.0,2.5,SATA 6.0 Gb/s,General,1.1742151929067814
Samsung 860 QVO,125.01,1000.0,0.125,SSD,0.0,2.5,SATA 6.0 Gb/s,Office,0.9984823068935218
Lexar NM790,192.0,1000.0,0.192,SSD,0.0,M.2-2280,M.2 PCIe 4.0 X4,Gaming,1.3037178307625257
ADATA Legend 710,47.0,1000.0,0.047,SSD,0.0,M.2-2280,M.2 PCIe 3.0 X4,General,3.9315240833932417
Western Digital AV-GP,29.99,1000.0,0.03,5400,64.0,3.5,SATA 6.0 Gb/s,General,2.094107279515781
Toshiba MQ01ABD050,16.5,500.0,0.033,5400,8.0,2.5,SATA 3.0 Gb/s,General,0.9324650061318558
Sabrent Rocket 4 Plus G,399.99,4000.0,0.1,SSD,0.0,M.2-2280,M.2 PCIe 4.0 X4,Gaming,9.965051142066038
TEAMGROUP GX2,29.99,512.0,0.059,SSD,0.0,2.5,SATA 6.0 Gb/s,Office,1.0735681763719145
Western Digital SE,33.99,2000.0,0.017,7200,64.0,3.5,SATA 6.0 Gb/s,General,7.101206166626725
Intel D3-S4610,529.99,7680.0,0.069,SSD,0.0,2.5,SATA 6.0 Gb/s,General,13.80301941049604
Kingston KC600,27.27,256.0,0.107,SSD,0.0,2.5,SATA 6.0 Gb/s,Office,0.2982133823255318
Patriot P210,34.99,1000.0,0.035,SSD,0.0,2.5,SATA 6.0 Gb/s,Office,3.494688074127325
PNY CS1031,147.08,2000.0,0.074,SSD,0.0,M.2-2280,M.2 PCIe 3.0 X4,General,5.032350826743349
MSI SPATIUM M470,144.99,2000.0,0.072,SSD,0.0,M.2-2280,M.2 PCIe 4.0 X4,Gaming,6.893631269511438
Sabrent Rocket,69.98,1000.0,0.07,SSD,0.0,M.2-2280,M.2 PCIe 3.0 X4,General,2.6579317746883886
Toshiba MG08,239.99,16000.0,0.015,7200,512.0,3.5,SATA 6.0 Gb/s,Storage,63.91085549964053
Leven JP600,154.99,4000.0,0.039,SSD,0.0,M.2-2280,M.2 PCIe 3.0 X4,General,18.87131560028756
Gigabyte GP-GSM2NE3256GNTD,23.09,256.0,0.09,SSD,0.0,M.2-2280,M.2 PCIe 3.0 X4,General,0.5308853619421555
Seagate SkyHawk Surveillance,92.26,4000.0,0.023,7200,256.0,3.5,SATA 6.0 Gb/s,Storage,10.8195542774982
Samsung 850 Pro,135.0,256.0,0.527,SSD,0.0,2.5,SATA 6.0 Gb/s,Office,0.06099819183931332
TEAMGROUP MP44,819.99,8000.0,0.102,SSD,0.0,M.2-2280,M.2 PCIe 4.0 X4,Gaming,19.543110006770288
Intel Optane P1600X,58.99,118.0,0.5,SSD,0.0,M.2-2280,M.2 PCIe 3.0 X4,General,0.04444740999668526
Western Digital Purple Pro,449.99,22000.0,0.02,7200,512.0,3.5,SATA 6.0 Gb/s,Storage,66.66666666666666
Seagate BarraCuda Pro,215.0,10000.0,0.021,7200,256.0,3.5,SATA 6.0 Gb/s,Storage,28.958891575714
Inland QN322,78.98,2000.0,0.039,SSD,0.0,M.2-2280,M.2 PCIe 3.0 X4,General,9.43565780014378
Corsair MP600 Force Series Gen4,178.33,1000.0,0.178,SSD,0.0,M.2-2280,M.2 PCIe 3.0 X4,General,1.054263441356847
Seagate FireCuda 530 w/Heatsink,151.86,2000.0,0.076,SSD,0.0,M.2-2280,M.2 PCIe 4.0 X4,Gaming,6.535520554212141
Corsair MP510,54.99,480.0,0.115,SSD,0.0,M.2-2280,M.2 PCIe 3.0 X4,General,0.7808820248394851
Inland Performance Plus,131.99,2000.0,0.066,SSD,0.0,M.2-2280,M.2 PCIe 4.0 X4,Gaming,7.510971383199028
Toshiba X300,92.99,4000.0,0.023,7200,256.0,3.5,SATA 6.0 Gb/s,Storage,10.8195542774982
PNY CS2241,220.86,4000.0,0.055,SSD,0.0,M.2-2280,M.2 PCIe 4.0 X4,Gaming,17.97268152408339
PNY XLR8 CS3040,49.33,1000.0,0.049,SSD,0.0,M.2-2280,M.2 PCIe 4.0 X4,Gaming,5.032350826743349
Seagate FireCuda 520,129.99,2000.0,0.065,SSD,0.0,M.2-2280,M.2 PCIe 4.0 X4,Gaming,7.624773979914165
Western Digital Black AN1500,424.91,4000.0,0.106,SSD,0.0,PCIe,PCIe x8,General,2.3515658068894156
Western Digital Blue SA510,47.99,1000.0,0.048,SSD,0.0,2.5,SATA 6.0 Gb/s,Office,2.567525932011913
Gigabyte Gen3 2500E,36.99,1000.0,0.037,SSD,0.0,M.2-2280,M.2 PCIe 3.0 X4,General,4.9661356842862
Patriot P310,22.99,480.0,0.048,SSD,0.0,M.2-2280,M.2 PCIe 3.0 X4,General,1.8486186710485772
TEAMGROUP T-Force Cardea A440 Pro,62.99,1000.0,0.063,SSD,0.0,M.2-2280,M.2 PCIe 4.0 X4,Gaming,3.9315240833932417
Corsair CSSD-F4000GBMP600PXT,394.99,4000.0,0.099,SSD,0.0,M.2-2280,M.2 PCIe 4.0 X4,Gaming,10.064701653486699
Toshiba MQ01ABD032,12.94,320.0,0.04,5400,8.0,2.5,SATA 3.0 Gb/s,General,0.4970980694709894
SK Hynix â€ŽSHGP31-2000GM-2,94.39,2000.0,0.047,SSD,0.0,M.2-2280,M.2 PCIe 3.0 X4,General,7.863048166786483
Inland TD510,264.99,2000.0,0.132,SSD,0.0,M.2-2280,M.2 PCIe 5.0 X4,Gaming,4.729653032653523
Western Digital Caviar Green,42.99,1000.0,0.043,5400,64.0,3.5,SATA 6.0 Gb/s,General,1.475393765113391
Leven JPS800,72.98,2000.0,0.036,SSD,0.0,M.2-2280,M.2 PCIe 4.0 X4,Gaming,13.600948180387432
Kingston SSDNow V300,77.05,120.0,0.642,SSD,0.0,2.5,SATA 6.0 Gb/s,Office,0.02347908628340598
Samsung 840 Evo,130.41,250.0,0.522,SSD,0.0,2.5,SATA 6.0 Gb/s,Office,0.06013803569243963
Addlink S70,43.66,1000.0,0.044,SSD,0.0,M.2-2280,M.2 PCIe 3.0 X4,General,4.193625688952791
Corsair MP600 PRO,139.99,2000.0,0.07,SSD,0.0,M.2-2280,M.2 PCIe 4.0 X4,Gaming,7.087818065835703
SanDisk Ultra 3D,36.99,500.0,0.074,SSD,0.0,2.5,SATA 6.0 Gb/s,Office,0.8387251377905582
Lexar Professional NM800PRO,122.99,2000.0,0.061,SSD,0.0,M.2-2280,M.2 PCIe 4.0 X4,Gaming,8.116694881844111
TEAMGROUP Cardea A440,115.99,2000.0,0.058,SSD,0.0,M.2-2280,M.2 PCIe 4.0 X4,Gaming,8.52940818092093
Western Digital VelociRaptor,180.27,1000.0,0.18,10000,64.0,3.5,SATA 6.0 Gb/s,General,0.3586592578176199
HP EX900,18.98,250.0,0.076,SSD,0.0,M.2-2280,M.2 PCIe 3.0 X4,General,0.6127050519573882
ADATA Legend 960,129.25,2000.0,0.065,SSD,0.0,M.2-2280,M.2 PCIe 4.0 X4,Gaming,7.624773979914165
Sabrent Rocket Q4,99.99,2000.0,0.05,SSD,0.0,M.2-2280,M.2 PCIe 4.0 X4,Gaming,9.867354562241859
TEAMGROUP T-Force Cardea Z44L,29.99,500.0,0.06,SSD,0.0,M.2-2280,M.2 PCIe 4.0 X4,Gaming,2.062438863419405
ADATA LEGEND 840,47.99,1000.0,0.048,SSD,0.0,M.2-2280,M.2 PCIe 4.0 X4,Gaming,5.135051864023826
TEAMGROUP EX2,22.99,512.0,0.045,SSD,0.0,2.5,SATA 6.0 Gb/s,Office,1.4003063170068448
Seagate Exos X16,259.99,16000.0,0.016,7200,256.0,3.5,SATA 6.0 Gb/s,Storage,59.67776039243877
Gigabyte GP-GSTFS31240GNTD,19.76,240.0,0.082,SSD,0.0,2.5,SATA 6.0 Gb/s,Office,0.363784397113977
Kingston Fury Renegade with Heat Sink,175.15,2000.0,0.088,SSD,0.0,M.2-2280,M.2 PCIe 4.0 X4,Gaming,5.654326771621741
MSI SPATIUM M480,480.0,2000.0,0.24,SSD,0.0,M.2-2280,M.2 PCIe 4.0 X4,Gaming,2.0881123762420537
Seagate Exos X22,519.39,22000.0,0.024,7200,512.0,3.5,SATA 6.0 Gb/s,Storage,55.99999999999999
ADATA XPG GAMMIX S11 Pro,66.19,512.0,0.129,SSD,0.0,M.2-2280,M.2 PCIe 3.0 X4,General,0.7432395067190178
Inland Professional,20.99,256.0,0.082,SSD,0.0,2.5,SATA 6.0 Gb/s,Office,0.38803669025490883
Western Digital WD_BLACK SN850P for PS5,129.99,1000.0,0.13,SSD,0.0,M.2-2280,M.2 PCIe 4.0 X4,Gaming,1.9207445903600568
Lexar NS100,24.99,512.0,0.049,SSD,0.0,2.5,SATA 6.0 Gb/s,Office,1.2882818116462973
Seagate ST6000NM0024,79.98,6000.0,0.013,7200,128.0,3.5,SATA 6.0 Gb/s,Storage,27.24658519051042
Seagate ST500LM021,18.44,500.0,0.037,7200,32.0,2.5,SATA 6.0 Gb/s,General,0.8541753376972263
ADATA SU800,41.09,256.0,0.161,SSD,0.0,2.5,SATA 6.0 Gb/s,Office,0.1988089215503545
Seagate Exos X14,199.0,12000.0,0.017,7200,256.0,3.5,SATA 6.0 Gb/s,Storage,42.3835769630162
MSI SPATIUM M480 PLAY,189.99,2000.0,0.095,SSD,2048.0,M.2-2280,M.2 PCIe 4.0 X4,Gaming,5.913012221423436
PNY CS3140,109.99,2000.0,0.055,SSD,0.0,M.2-2280,M.2 PCIe 4.0 X4,Gaming,8.986340762041696
TEAMGROUP T-Force Delta Max RGB Lite,70.98,1000.0,0.071,SSD,0.0,2.5,SATA 6.0 Gb/s,Office,1.747344037063663
Mushkin Gamma,989.99,8000.0,0.124,SSD,0.0,M.2-2280,M.2 PCIe 4.0 X4,Gaming,16.103522645578717
TEAMGROUP T-Force Cardea Zero Z330,46.99,1000.0,0.047,SSD,0.0,M.2-2280,M.2 PCIe 3.0 X4,General,3.9315240833932417
Intel Optane 905P,4500.0,1500.0,3.0,SSD,0.0,2.5,U.2,General,0.03144171209644712
Intel 665p,94.99,1000.0,0.095,SSD,0.0,M.2-2280,M.2 PCIe 3.0 X4,General,1.9657620416966208
Gigabyte AORUS Gen4 7300,129.99,2000.0,0.065,SSD,2048.0,M.2-2280,M.2 PCIe 4.0 X4,Gaming,8.60074504934318
Western Digital Caviar Black,115.01,1000.0,0.115,7200,64.0,3.5,SATA 6.0 Gb/s,General,0.559632117801631
Lexar NM610,59.99,500.0,0.12,SSD,0.0,M.2-2280,M.2 PCIe 3.0 X4,General,0.7798064297639488
Intel DC P4511,140.19,1000.0,0.14,SSD,0.0,M.2-22110,M.2 PCIe 3.0 X4,General,1.3383911773253587
Seagate Exos 7E10 512e/4Kn,168.56,8000.0,0.021,7200,256.0,3.5,SATA 6.0 Gb/s,Storage,23.240311090778377
Samsung PM893,551.6,7680.0,0.072,SSD,0.0,2.5,SATA 6.0 Gb/s,General,13.235772037461961
Western Digital Red SA500,329.99,4000.0,0.082,SSD,0.0,2.5,SATA 6.0 Gb/s,General,6.06307328523295
OCZ Colossus 2,995.0,460.0,2.163,SSD,0.0,3.5,SATA 3.0 Gb/s,Office,0.026743084338053846
PNY XLR8 CS3040 w/Heatsink,749.13,4000.0,0.187,SSD,0.0,M.2-2280,M.2 PCIe 4.0 X4,Gaming,5.353564709301435
ADATA XPG GAMMIX S50 Lite,178.67,1000.0,0.179,SSD,0.0,M.2-2280,M.2 PCIe 4.0 X4,Gaming,1.3978752296509303
Intel P3700,1850.0,1600.0,1.156,SSD,0.0,PCIe,PCIe x4,General,0.08698964264033449
Western Digital Black,142.15,4000.0,0.036,7200,64.0,3.5,SATA 6.0 Gb/s,Storage,6.8548778829152655
MSI SPATIUM M390,54.99,500.0,0.11,SSD,0.0,M.2-2280,M.2 PCIe 3.0 X4,General,0.8500592612742145
Seagate ST1000LM014,49.99,1000.0,0.05,None,64.0,2.5,SATA 6.0 Gb/s,General,1.2728887385292
ADATA LEGEND 850 LITE,58.99,1000.0,0.059,SSD,0.0,M.2-2280,M.2 PCIe 4.0 X4,Gaming,4.193625688952791
HP EX920,118.98,1000.0,0.119,SSD,1024.0,M.2-2280,M.2 PCIe 3.0 X4,General,1.8410016774502755
Seagate Enterprise Capacity,199.99,10000.0,0.02,7200,256.0,3.5,SATA 6.0 Gb/s,Storage,30.33788641265276
Fantom Drives VENOM8,884.75,8000.0,0.111,SSD,0.0,M.2-2280,M.2 PCIe 4.0 X4,Gaming,17.97268152408339
Seagate Enterprise,59.99,6000.0,0.01,7200,128.0,3.5,SAS 12.0 Gb/s,Storage,17.52173060584275
Crucial P5,64.98,500.0,0.13,SSD,0.0,M.2-2280,M.2 PCIe 3.0 X4,General,0.7202792213850214
ADATA XPG SX8100,378.02,4000.0,0.095,SSD,0.0,M.2-2280,M.2 PCIe 3.0 X4,General,7.863048166786483
Western Digital Purple,170.99,8000.0,0.021,5640,128.0,3.5,SATA 6.0 Gb/s,General,23.057316515260432
Patriot Viper VP4300,124.99,2000.0,0.062,SSD,0.0,M.2-2280,M.2 PCIe 4.0 X4,Gaming,7.987858455148174
Toshiba MQ04ABF100,32.49,1000.0,0.032,5400,128.0,2.5,SATA 6.0 Gb/s,General,2.0281898786571677
TEAMGROUP T-Create Classic,82.99,2000.0,0.041,SSD,0.0,M.2-2280,M.2 PCIe 3.0 X4,General,8.986340762041696
Hitachi A7K2000,26.99,1000.0,0.027,7200,32.0,3.5,SATA 3.0 Gb/s,General,2.2825305535585905
Samsung Spinpoint F3,88.99,1000.0,0.089,7200,32.0,3.5,SATA 3.0 Gb/s,General,0.7101206166626727
ADATA XPG GAMMIX S7,43.99,1000.0,0.044,SSD,0.0,M.2-2280,M.2 PCIe 3.0 X4,General,4.193625688952791
Mushkin Tempest,77.98,2000.0,0.039,SSD,0.0,M.2-2280,M.2 PCIe 3.0 X4,General,9.43565780014378
Seagate IronWolf,215.0,12000.0,0.018,7200,256.0,3.5,SATA 6.0 Gb/s,Storage,40.15286238601536
Gigabyte GP-GSTFS31480GNTD,30.06,480.0,0.063,SSD,0.0,2.5,SATA 6.0 Gb/s,Office,0.943565780014378
Toshiba DT01ACA050,63.56,500.0,0.127,7200,32.0,3.5,SATA 6.0 Gb/s,General,0.2535833033788641
Toshiba MQ01ABD-V,30.63,1000.0,0.031,5400,0.0,2.5,SATA 6.0 Gb/s,General,1.9657620416966208
Samsung PM981,64.98,512.0,0.127,SSD,0.0,M.2-2280,M.2 PCIe 3.0 X4,General,0.7548526240115023
Samsung MZ-75E4T0B,312.86,4000.0,0.078,SSD,4096.0,2.5,SATA 6.0 Gb/s,General,8.00080080808816
Gigabyte GP-GSTFS31120GNTD,18.82,120.0,0.157,SSD,0.0,2.5,SATA 6.0 Gb/s,Office,0.09555096506474713
Kingston Q500,39.99,960.0,0.042,SSD,0.0,2.5,SATA 6.0 Gb/s,Office,2.8087539498102414
Western Digital SN530,29.99,512.0,0.059,SSD,0.0,M.2-2280,M.2 PCIe 3.0 X4,General,1.6103522645578718
Mushkin Vortex-LX,42.99,1000.0,0.043,SSD,0.0,M.2-2280,M.2 PCIe 4.0 X4,Gaming,5.718580484935624
Inland Platinum,899.99,8000.0,0.112,SSD,0.0,M.2-2280,M.2 PCIe 3.0 X4,General,13.360223433831901
Leven JPR700,69.98,2000.0,0.035,SSD,0.0,M.2-2280,M.2 PCIe 3.0 X4,General,10.484064222381976
Toshiba MG04ACA600E,89.99,6000.0,0.015,7200,128.0,3.5,SATA 6.0 Gb/s,Storage,23.840762041696618
Western Digital Ultrastar DC HC550,319.99,18000.0,0.018,7200,512.0,3.5,SATA 6.0 Gb/s,Storage,60.441182034885905
ADATA Swordfish,76.03,500.0,0.152,SSD,0.0,M.2-2280,M.2 PCIe 3.0 X4,General,0.6167096601401164
Seagate BarraCuda Q5,54.99,1000.0,0.055,SSD,0.0,M.2-2280,M.2 PCIe 3.0 X4,General,3.3698777857656355
Intel 600p,1000.0,1000.0,1.0,SSD,0.0,M.2-2280,M.2 PCIe 3.0 X4,General,0.18852463137150408
TEAMGROUP T-Force Cardea Z44Q,269.99,4000.0,0.067,SSD,0.0,M.2-2280,M.2 PCIe 4.0 X4,Gaming,14.801031843362791
ADATA XPG SX6000 Pro,34.97,512.0,0.068,SSD,0.0,M.2-2280,M.2 PCIe 3.0 X4,General,1.4003063170068448
Kingston SSDNow UV400,129.0,240.0,0.537,SSD,0.0,2.5,SATA 6.0 Gb/s,Office,0.056122871673717635
Seagate Constellation ES.2,39.0,3000.0,0.013,7200,64.0,3.5,SAS 6.0 Gb/s,General,6.88353702372394
PNY XLR8 CS3030,170.94,2000.0,0.085,SSD,0.0,M.2-2280,M.2 PCIe 3.0 X4,General,4.3886780465785025
Lexar NQ100,24.99,480.0,0.052,SSD,0.0,2.5,SATA 6.0 Gb/s,Office,1.1394001871871735
Samsung Spinpoint M8,49.39,1000.0,0.049,5400,8.0,2.5,SATA 3.0 Gb/s,General,1.2631200575125805
Samsung 750 Evo,149.99,500.0,0.3,SSD,512.0,2.5,SATA 6.0 Gb/s,Office,0.2624847441191714
Crucial MX300,159.99,525.0,0.305,SSD,0.0,2.5,SATA 6.0 Gb/s,Office,0.21584838104904075
Corsair MP400,229.99,1000.0,0.23,SSD,0.0,M.2-2280,M.2 PCIe 3.0 X4,General,0.8169400692765176
Western Digital Western Digital PC SN730 NVMe M.2 2280 256GB PCIe Gen3 x4 NVMe v1.3 3D NAND Internal Solid State Drive (SSD) SDBPNTY-256G,34.9,256.0,0.136,SSD,0.0,M.2-2280,M.2 PCIe 3.0 X4,General,0.3526318827498989
Mushkin Helix-L,35.99,1000.0,0.036,SSD,0.0,M.2-2280,M.2 PCIe 3.0 X4,General,5.100355567645287
Gigabyte AORUS Gen4 5000E,33.99,500.0,0.068,SSD,0.0,M.2-2280,M.2 PCIe 4.0 X4,Gaming,1.823315516935996
Toshiba MG04ACA400N,69.98,4000.0,0.017,7200,128.0,3.5,SATA 6.0 Gb/s,Storage,14.20241233325345
Western Digital WD Blue,209.99,4000.0,0.052,SSD,0.0,2.5,SATA 6.0 Gb/s,General,9.495001559893112
TEAMGROUP T-Force Delta RGB Lite,68.98,1000.0,0.069,SSD,0.0,2.5,SATA 6.0 Gb/s,Office,1.797268152408339
ADATA XPG SPECTRIX S20G,80.59,1000.0,0.081,SSD,0.0,M.2-2280,M.2 PCIe 3.0 X4,General,2.3013799512545803
Gigabyte GP-GSTFS31256GTND,21.02,256.0,0.082,SSD,0.0,2.5,SATA 6.0 Gb/s,Office,0.38803669025490883
Inland 1TB TD510 NVME,174.99,1000.0,0.175,SSD,0.0,M.2-2280,M.2 PCIe 5.0 X4,Gaming,1.7870564015423827
Intenso Top Performance,108.0,512.0,0.211,SSD,0.0,M.2-2280,M.2 SATA,Office,0.3038400499165796
Hitachi Ultrastar He8,1039.0,8000.0,0.13,7200,128.0,3.5,SATA 6.0 Gb/s,Storage,3.8722210941658743
ADATA SU635,24.99,480.0,0.052,SSD,0.0,2.5,SATA 6.0 Gb/s,Office,1.1394001871871735
HP EX950,115.94,1000.0,0.116,SSD,0.0,M.2-2280,M.2 PCIe 3.0 X4,General,1.612932957289535
Timetec 30TT253X2,33.99,1000.0,0.034,SSD,0.0,2.5,SATA 6.0 Gb/s,Office,3.594536304816678
Western Digital WDS100T1XHE w/Heatsink,122.0,1000.0,0.122,SSD,0.0,M.2-2280,M.2 PCIe 4.0 X4,Gaming,2.0456710677818495
TEAMGROUP T-Force Delta Max White RGB Lite,70.98,1000.0,0.071,SSD,0.0,2.5,SATA 6.0 Gb/s,Office,1.747344037063663
Micron 5200 Ion,999.0,7680.0,0.13,SSD,0.0,2.5,SATA 6.0 Gb/s,General,7.375659226982618
Western Digital Blue Mobile,61.0,2000.0,0.03,5400,128.0,2.5,SATA 6.0 Gb/s,General,4.188214559031562
Transcend TS32GSSD370S,43.73,32.0,1.367,SSD,0.0,2.5,SATA 6.0 Gb/s,Office,0.0029428952203177485
Western Digital Black PCIe,128.66,256.0,0.503,SSD,0.0,M.2-2280,M.2 PCIe 3.0 X4,General,0.09585430146177808
Inland Gaming Performance Plus,894.99,8000.0,0.112,SSD,0.0,M.2-2280,M.2 PCIe 4.0 X4,Gaming,17.8136312451092
PNY CS2230,43.99,1000.0,0.044,SSD,0.0,M.2-2280,M.2 PCIe 3.0 X4,General,4.193625688952791
ADATA LEGEND 700,75.48,1000.0,0.075,SSD,0.0,M.2-2280,M.2 PCIe 3.0 X4,General,2.4830678421431
Micron 1100,149.0,2000.0,0.074,SSD,0.0,2.5,SATA 6.0 Gb/s,Office,3.354900551162233
Corsair MP600 CORE,269.99,2000.0,0.135,SSD,0.0,M.2-2280,M.2 PCIe 4.0 X4,Gaming,3.700257960840698
Toshiba DT01ACA300,88.22,3000.0,0.029,7200,64.0,3.5,SATA 6.0 Gb/s,General,6.35753654445243
Sabrent Rocket 4.0 HTSK,139.99,2000.0,0.07,SSD,0.0,M.2-2280,M.2 PCIe 4.0 X4,Gaming,7.087818065835703
KingSpec NX-2280,64.98,1000.0,0.065,SSD,0.0,M.2-2280,M.2 PCIe 3.0 X4,General,2.8592902424678117
Western Digital WDBSLA0020HNC-NRSN,49.95,2000.0,0.025,7200,64.0,3.5,SATA 6.0 Gb/s,General,4.916219653818502
Intenso 3812450,51.67,512.0,0.101,SSD,0.0,2.5,SATA 6.0 Gb/s,Office,0.6315106919834791
Intel SSDPEDMD020T401,1099.0,2000.0,0.549,SSD,0.0,PCIe,PCIe x4,General,0.22874321939742495
Acer SA100,16.98,240.0,0.071,SSD,0.0,2.5,SATA 6.0 Gb/s,Office,0.4193625688952791
Seagate IronWolf 125,426.54,4000.0,0.107,SSD,0.0,2.5,SATA 6.0 Gb/s,General,4.659584098836435
Hitachi A7K1000-1000,44.99,1000.0,0.045,7200,32.0,3.5,SATA 3.0 Gb/s,General,1.3893664239052292
TEAMGROUP GX1,42.38,240.0,0.177,SSD,0.0,2.5,SATA 6.0 Gb/s,Office,0.16962980314865223
ADATA LEGEND 960 MAX,69.98,1000.0,0.07,SSD,0.0,M.2-2280,M.2 PCIe 4.0 X4,Gaming,3.5439090329178513
Intel 710,905.95,200.0,4.53,SSD,0.0,2.5,SATA 3.0 Gb/s,Office,0.0055532452292466885
Western Digital Blue SN500,126.9,500.0,0.254,SSD,0.0,M.2-2280,M.2 PCIe 3.0 X2,General,0.3700257960840697
Seagate BarraCuda 120,190.71,1000.0,0.191,SSD,0.0,2.5,SATA 6.0 Gb/s,Office,0.6552540138988735
Hitachi Ultrastar SN260,199.99,1600.0,0.125,SSD,0.0,PCIe,PCIe x8,General,0.7987858455148173
SanDisk Ultra II,199.99,480.0,0.417,SSD,0.0,2.5,SATA 6.0 Gb/s,Office,0.14446940172468944
Seagate Lightsaber Collection FireCuda,239.99,2000.0,0.12,SSD,0.0,M.2-2280,M.2 PCIe 4.0 X4,Gaming,4.158967625407727
Kingston SSDNow V200,69.98,128.0,0.547,SSD,0.0,2.5,SATA 6.0 Gb/s,Office,0.02938599022915824
Leven JS300,59.99,1920.0,0.031,SSD,0.0,2.5,SATA 6.0 Gb/s,Office,7.548526240115024
Seagate ST2000DX001,205.1,2000.0,0.103,None,64.0,3.5,SATA 6.0 Gb/s,General,1.2290549134546258
Seagate BarraCuda 510,149.75,1000.0,0.15,SSD,0.0,M.2-2280,M.2 PCIe 3.0 X4,General,1.2497560000190435
HP FX900 Pro,259.99,4000.0,0.065,SSD,0.0,M.2-2280,M.2 PCIe 4.0 X4,Gaming,15.24954795982833
ADATA Ultimate SU750,39.95,256.0,0.156,SSD,0.0,2.5,SATA 6.0 Gb/s,Office,0.20514041586724482
PNY CS2130,79.99,2000.0,0.04,SSD,0.0,M.2-2280,M.2 PCIe 3.0 X4,General,9.205519805018321
Transcend 110S,20.94,128.0,0.164,SSD,0.0,M.2-2280,M.2 PCIe 3.0 X4,General,0.14639566041435198
Intenso High Performance,12.99,120.0,0.108,SSD,0.0,2.5,SATA 6.0 Gb/s,Office,0.13850506862596373
Toshiba N300,92.99,4000.0,0.023,7200,256.0,3.5,SATA 6.0 Gb/s,Storage,10.8195542774982
Hitachi HDS723030ALA640,65.05,3000.0,0.022,7200,64.0,3.5,SATA 6.0 Gb/s,General,8.292438971024911
Acer FA100,27.99,512.0,0.055,SSD,0.0,M.2-2280,M.2 PCIe 3.0 X4,General,1.7253774263120054
Kingston KC2500,129.69,1000.0,0.13,SSD,0.0,M.2-2280,M.2 PCIe 3.0 X4,General,1.4405584427700429
Seagate FireCuda 510,210.0,2000.0,0.105,SSD,0.0,M.2-2280,M.2 PCIe 3.0 X4,General,3.560625584959917
Gigabyte AORUS RGB,80.99,512.0,0.158,SSD,512.0,M.2-2280,M.2 PCIe 3.0 X4,General,0.708960116472019
Corsair Force MP500,99.0,240.0,0.412,SSD,0.0,M.2-2280,M.2 PCIe 3.0 X4,General,0.10966381946898339
Nextorage NEM-PA,111.83,2000.0,0.056,SSD,0.0,M.2-2280,M.2 PCIe 4.0 X4,Gaming,8.828685660953244
Neo Forza eSports,27.99,512.0,0.055,SSD,512.0,M.2-2280,M.2 PCIe 3.0 X4,General,2.0129403306973397
Seagate ST500LM000,24.99,500.0,0.05,None,64.0,2.5,SATA 6.0 Gb/s,General,0.6561790783890838
Mushkin Pilot-E,93.99,2000.0,0.047,SSD,0.0,M.2-2280,M.2 PCIe 3.0 X4,General,7.863048166786483
Seagate SkyHawk,52.0,1000.0,0.052,5900,64.0,3.5,SATA 6.0 Gb/s,General,1.2248552012262115
Hitachi 7K1000.C,48.99,1000.0,0.049,7200,32.0,3.5,SATA 3.0 Gb/s,General,1.2782171099928108
SanDisk EXTREME PRO,116.99,1000.0,0.117,SSD,0.0,M.2-2280,M.2 PCIe 3.0 X4,General,1.5992640339226747
ADATA SU655,13.79,120.0,0.115,SSD,0.0,2.5,SATA 6.0 Gb/s,Office,0.1301470041399142
Toshiba X300 Pro,235.99,10000.0,0.024,7200,512.0,3.5,SATA 6.0 Gb/s,Storage,25.805895039539894
Inland Prime,58.99,1000.0,0.059,SSD,0.0,M.2-2280,M.2 PCIe 3.0 X4,General,3.145219266714593
Samsung PM961,75.0,128.0,0.586,SSD,0.0,M.2-2280,M.2 PCIe 3.0 X4,General,0.041150398583250564
Seagate EE25.2,71.58,40.0,1.789,5400,8.0,2.5,SATA 3.0 Gb/s,General,0.0015462530473233755
Hitachi 0F18335,88.9,6000.0,0.015,7200,64.0,3.5,SATA 6.0 Gb/s,Storage,23.714953271028033
Seagate ST1000LM035,42.67,1000.0,0.043,5400,128.0,2.5,SATA 6.0 Gb/s,General,1.5211424089928762
Gigabyte AORUS,196.6,500.0,0.393,SSD,512.0,M.2-2280,M.2 PCIe 4.0 X4,Gaming,0.36018348556894025
Lenovo 4XB0W79580,104.98,256.0,0.41,SSD,0.0,M.2-2280,M.2 PCIe 3.0 X4,General,0.117543960916633
Western Digital AV-25,29.85,1000.0,0.03,5400,16.0,2.5,SATA 3.0 Gb/s,General,2.045407110224716
Samsung 840 Pro,129.0,512.0,0.252,SSD,0.0,2.5,SATA 6.0 Gb/s,Office,0.2546011485466991
Seagate Momentus Thin,16.69,500.0,0.033,5400,16.0,2.5,SATA 3.0 Gb/s,General,0.9398655220535372
Hitachi Ultrastar He10,138.5,8000.0,0.017,7200,256.0,3.5,SATA 6.0 Gb/s,Storage,28.4048246665069
Lexar Professional NM800PRO w/Heatsink,132.99,2000.0,0.066,SSD,0.0,M.2-2280,M.2 PCIe 4.0 X4,Gaming,7.510971383199028
Apacer AS2280P4,52.9,512.0,0.103,SSD,0.0,M.2-2280,M.2 PCIe 3.0 X4,General,0.9290493833987722
MSI SPATIUM M370,53.8,1000.0,0.054,SSD,0.0,M.2-2280,M.2 PCIe 3.0 X4,General,3.431148290961375
Gigabyte GP-GSM2NE3100TNTD,64.98,1000.0,0.065,SSD,0.0,M.2-2280,M.2 PCIe 3.0 X4,General,2.8592902424678117
Gigabyte GP-GSM2NE3512GNTD,64.98,512.0,0.127,SSD,0.0,M.2-2280,M.2 PCIe 3.0 X4,General,0.7548526240115023
Toshiba OCZ TR200,42.99,240.0,0.179,SSD,0.0,2.5,SATA 6.0 Gb/s,Office,0.1677450275581116
PNY XLR8 CS3140 w/Heatsink,99.99,1000.0,0.1,SSD,0.0,M.2-2280,M.2 PCIe 4.0 X4,Gaming,2.4912627855165095
Patriot Viper VPR400 RGB,69.98,1000.0,0.07,SSD,0.0,M.2-2280,M.2 PCIe 4.0 X4,Gaming,3.5439090329178513
Silicon Power Silm S55,13.9,120.0,0.116,SSD,0.0,2.5,SATA 6.0 Gb/s,Office,0.12903463658316278
ADATA Legend 850,99.99,1000.0,0.1,SSD,0.0,M.2-2280,M.2 PCIe 4.0 X4,Gaming,2.4912627855165095
Seagate Archive HDD v2,218.13,5000.0,0.044,5900,128.0,3.5,SATA 6.0 Gb/s,General,7.078840162952312
Inland TN320,31.99,512.0,0.062,SSD,0.0,M.2-2280,M.2 PCIe 3.0 X4,General,1.5336688233884492
Intel 760p,117.0,256.0,0.457,SSD,0.0,M.2-2280,M.2 PCIe 3.0 X4,General,0.10548158938151998
HP S700,44.99,1000.0,0.045,SSD,0.0,2.5,SATA 6.0 Gb/s,Office,2.7349732754039944
MSI SPATIUM M480 HS,561.0,2000.0,0.281,SSD,2048.0,M.2-2280,M.2 PCIe 4.0 X4,Gaming,2.0129403306973397
Samsung Spinpoint F2 EG,154.0,500.0,0.308,5400,16.0,3.5,SATA 3.0 Gb/s,General,0.10341562378582611
XPG SX6000 Lite,39.99,512.0,0.078,SSD,0.0,M.2-2280,M.2 PCIe 3.0 X4,General,1.2230523528287633
Klevv CRAS C710,75.45,512.0,0.147,SSD,0.0,M.2-2280,M.2 PCIe 3.0 X4,General,0.6528455126585967
Toshiba MG07ACA12TE,218.95,12000.0,0.018,7200,256.0,3.5,SATA 6.0 Gb/s,Storage,40.15286238601536
ADATA XPG SX6000,78.75,128.0,0.615,SSD,0.0,M.2-2280,M.2 PCIe 3.0 X2,General,0.03921312332527285
Patriot Viper VPN110,35.99,512.0,0.07,SSD,0.0,M.2-2280,M.2 PCIe 3.0 X4,General,1.360861068640455
Seagate SV35.5,45.0,500.0,0.09,5900,16.0,3.5,SATA 3.0 Gb/s,General,0.3511585467013216
Kingston DC450R,1063.57,7680.0,0.138,SSD,0.0,2.5,SATA 6.0 Gb/s,General,6.951160854206639
Patriot Burst,54.19,240.0,0.226,SSD,0.0,2.5,SATA 6.0 Gb/s,Office,0.1330136782399123
Kingston DC500R,611.61,7680.0,0.08,SSD,0.0,2.5,SATA 6.0 Gb/s,General,11.928535293021273
Leven JM600,67.98,2000.0,0.034,SSD,0.0,M.2-2280,M.2 SATA,Office,7.189072609633356
Patriot P400,32.99,512.0,0.064,SSD,0.0,M.2-2280,M.2 PCIe 4.0 X4,Gaming,1.9819720179173805
Western Digital RE4,44.9,1000.0,0.045,7200,64.0,3.5,SATA 3.0 Gb/s,General,1.4112462101084609
Toshiba HDKBB96,48.9,1000.0,0.049,5400,8.0,2.5,SATA 6.0 Gb/s,General,1.2631200575125805
Intenso 3812440,46.0,256.0,0.18,SSD,0.0,2.5,SATA 6.0 Gb/s,Office,0.17793947674672617
Western Digital Ultrastar,209.99,8000.0,0.026,7200,0.0,3.5,SATA 6.0 Gb/s,Storage,18.63833639534574
Intel 545s,145.49,256.0,0.568,SSD,0.0,2.5,SATA 6.0 Gb/s,Office,0.05660289154860709
GOODRAM CL100 gen.3,120.0,960.0,0.125,SSD,0.0,2.5,SATA 6.0 Gb/s,Office,0.9585430146177807
TEAMGROUP T-Create Classic DL,99.99,2000.0,0.05,SSD,0.0,M.2-2280,M.2 PCIe 4.0 X4,Gaming,9.867354562241859
Seagate IronWolf 525,99.99,500.0,0.2,SSD,0.0,M.2-2280,M.2 PCIe 4.0 X4,Gaming,0.6259142819332524
Hitachi Deskstar 7K2000,51.0,2000.0,0.025,7200,32.0,3.5,SATA 3.0 Gb/s,General,4.877509262843554
Western Digital Purple Surveillance,77.99,3000.0,0.026,5400,256.0,3.5,SATA 6.0 Gb/s,General,7.287589530580184
Transcend MTS600,36.64,32.0,1.145,SSD,0.0,M.2-2260,M.2 SATA,Office,0.0035129848703269457
Seagate ST2000NX0253,169.85,2000.0,0.085,7200,128.0,2.5,SATA 6.0 Gb/s,General,1.5097052480230047
Seagate Constellation ES,189.99,2000.0,0.095,7200,64.0,3.5,SATA 6.0 Gb/s,General,1.3314761562425113
Seagate Exos 7E8,186.81,4000.0,0.047,7200,256.0,3.5,SATA 6.0 Gb/s,Storage,5.4097771387491
Kingston SSDNOW DC500R,281.95,3840.0,0.073,SSD,0.0,2.5,SATA 6.0 Gb/s,General,6.528455126585967
HP EX900 Plus,19.98,256.0,0.078,SSD,0.0,M.2-2280,M.2 PCIe 3.0 X4,General,0.6115261764143817
ADATA Legend 750,53.3,500.0,0.107,SSD,0.0,M.2-2280,M.2 PCIe 3.0 X4,General,0.8736720185318315
Hitachi Ultrastar 7K3000,113.44,2000.0,0.057,7200,64.0,3.5,SATA 6.0 Gb/s,General,2.2038226034358805
Toshiba MG07ACA14TE,219.0,14000.0,0.016,7200,256.0,3.5,SATA 6.0 Gb/s,Storage,52.27724447075738
Western Digital RE,18.94,250.0,0.076,7200,64.0,3.5,SATA 6.0 Gb/s,General,0.23037709953597804
Intel DC P4510,945.0,8000.0,0.118,SSD,0.0,2.5,U.2,General,4.228866240960798
Intel D3-S4520,613.95,7680.0,0.08,SSD,0.0,2.5,SATA 6.0 Gb/s,General,11.928535293021273
Corsair CSSD-F4000GBMP600PHX,409.99,4000.0,0.102,SSD,0.0,M.2-2280,M.2 PCIe 4.0 X4,Gaming,9.771555003385144
TEAMGROUP CX1,15.99,240.0,0.067,SSD,0.0,2.5,SATA 6.0 Gb/s,Office,0.44403095530088366
Addlink S20,24.22,512.0,0.047,SSD,0.0,2.5,SATA 6.0 Gb/s,Office,1.3419602204648928
Lexar NM710,150.0,500.0,0.3,SSD,0.0,M.2-2280,M.2 PCIe 4.0 X4,Gaming,0.41796933776938117
Crucial MX200,397.77,500.0,0.796,SSD,0.0,M.2-2260,M.2 SATA,Office,0.07892645587740509
Verbatim Vi550,30.07,512.0,0.059,SSD,0.0,2.5,SATA 6.0 Gb/s,Office,1.0735681763719145
Crucial M500,190.0,240.0,0.792,SSD,0.0,2.5,SATA 6.0 Gb/s,Office,0.03807579440158902
Klevv CRAS C720,72.98,2000.0,0.036,SSD,0.0,M.2-2280,M.2 PCIe 3.0 X4,General,10.200711135290573
Hitachi Ultrastar 7K6000,88.99,4000.0,0.022,7200,128.0,3.5,SATA 6.0 Gb/s,Storage,11.114931391241834
Seagate SkyHawk AI,374.99,20000.0,0.019,7200,256.0,3.5,SATA 6.0 Gb/s,Storage,63.30697340043133
Corsair MP600 MINI,99.99,1000.0,0.1,SSD,0.0,M.2-2230,M.2 PCIe 4.0 X4,Gaming,2.4912627855165095
Nextorage G-Series,154.99,2000.0,0.077,SSD,0.0,M.2-2280,M.2 PCIe 4.0 X4,Gaming,6.451731829158141
SanDisk X400,194.53,128.0,1.52,SSD,0.0,M.2-2280,M.2 SATA,Office,0.010587457360669768
Toshiba MG08ADA800E,188.99,8000.0,0.024,7200,256.0,3.5,SATA 6.0 Gb/s,Storage,20.451473759884973
Transcend TS512GSSD230S,34.99,512.0,0.068,SSD,0.0,2.5,SATA 6.0 Gb/s,Office,0.9335375446712298
Seagate Exos 7E10 512n,209.9,6000.0,0.035,7200,256.0,3.5,SATA 6.0 Gb/s,Storage,10.707724259126124
TEAMGROUP T-Force Cardea Ceramic C440,413.0,1000.0,0.413,SSD,0.0,M.2-2280,M.2 PCIe 4.0 X4,Gaming,0.6077718389786654
Addlink S90 Lite,49.99,1000.0,0.05,SSD,0.0,M.2-2280,M.2 PCIe 4.0 X4,Gaming,4.9336772811209295
Toshiba L200,69.99,2000.0,0.035,5400,128.0,2.5,SATA 6.0 Gb/s,General,3.6065180924994
Kingston DC1500M,728.0,7680.0,0.095,SSD,0.0,2.5,U.2,General,5.032350826743349
Addlink S95,112.88,2000.0,0.056,SSD,0.0,M.2-2280,M.2 PCIe 4.0 X4,Gaming,8.828685660953244
Intel 320,73.0,40.0,1.825,SSD,0.0,2.5,SATA 3.0 Gb/s,Office,0.0027559424023786143
Transcend MTS800,40.15,64.0,0.627,SSD,0.0,M.2-2280,M.2 SATA,Office,0.012821275991702802
Western Digital Black SN750 Rev2,198.33,2000.0,0.099,SSD,0.0,M.2-2280,M.2 PCIe 3.0 X4,General,3.774263120057512
Toshiba N300 Pro,229.99,10000.0,0.023,7200,512.0,3.5,SATA 6.0 Gb/s,Storage,26.881140666187388
Kingston DC1000B,77.98,240.0,0.325,SSD,0.0,M.2-2280,M.2 PCIe 3.0 X4,General,0.13892993079966298
KIOXIA EXCERIA PRO,269.38,2000.0,0.135,SSD,0.0,M.2-2280,M.2 PCIe 4.0 X4,Gaming,3.700257960840698
ADATA SU760,67.98,1000.0,0.068,SSD,0.0,2.5,SATA 6.0 Gb/s,Office,1.823315516935996
Kingston HyperX 3K,105.51,120.0,0.879,SSD,0.0,2.5,SATA 6.0 Gb/s,Office,0.01715574145480687
Transcend 220S,59.84,1000.0,0.06,SSD,0.0,M.2-2280,M.2 PCIe 3.0 X4,General,3.093658295129108
Western Digital PC SN730,75.0,512.0,0.146,SSD,0.0,M.2-2280,M.2 PCIe 3.0 X4,General,0.6572866385950497
ADATA XPG GAMMIX S70,791.0,2000.0,0.395,SSD,0.0,M.2-2280,M.2 PCIe 4.0 X4,Gaming,1.2707956633190276
Klevv NEO N400,14.99,240.0,0.062,SSD,0.0,2.5,SATA 6.0 Gb/s,Office,0.47927150730889034
Lexar NM760,276.0,1000.0,0.276,SSD,0.0,M.2-2280,M.2 PCIe 4.0 X4,Gaming,0.9083665752244312
Intenso 3812430,25.99,128.0,0.203,SSD,0.0,2.5,SATA 6.0 Gb/s,Office,0.07893883649793489
Western Digital Ultrastar DC HC520,275.85,12000.0,0.023,7200,0.0,3.5,SATA 6.0 Gb/s,Storage,31.452192667145933
Addlink S68,42.99,1000.0,0.043,SSD,0.0,M.2-2280,M.2 PCIe 3.0 X4,General,4.288935363701719
Western Digital Ultrastar DC HC330,239.99,10000.0,0.024,7200,256.0,3.5,SATA 6.0 Gb/s,Storage,25.48382458662832
Seagate Exos 7E8 512e,232.22,8000.0,0.029,7200,256.0,3.5,SATA 6.0 Gb/s,Storage,17.042894799904143
ADATA ATOM 50,117.42,2000.0,0.059,SSD,0.0,M.2-2280,M.2 PCIe 4.0 X4,Gaming,8.387251377905582
Mushkin Source HC,927.02,8000.0,0.116,SSD,0.0,2.5,SATA 6.0 Gb/s,General,8.602309105544187
Intel DC P3600,1850.0,800.0,2.312,SSD,0.0,PCIe,PCIe x4,General,0.021756812912854948
SanDisk X600,889.0,1000.0,0.889,SSD,0.0,M.2-2280,M.2 SATA,Office,0.14135816929054354
Klevv CRAS C920,59.99,1000.0,0.06,SSD,0.0,M.2-2280,M.2 PCIe 4.0 X4,Gaming,4.12487772683881
Crucial M550,39.99,128.0,0.312,SSD,0.0,2.5,SATA 6.0 Gb/s,Office,0.051448954139229126
Western Digital Black NVMe,59.0,250.0,0.236,SSD,0.0,M.2-2280,M.2 PCIe 3.0 X4,General,0.19906451055155655
Micron 3400,107.8,1000.0,0.108,SSD,0.0,M.2-2280,M.2 PCIe 4.0 X4,Gaming,2.308417810432729
Transcend 250H,134.99,2000.0,0.067,SSD,0.0,M.2-2280,M.2 PCIe 4.0 X4,Gaming,7.400515921681396
Western Digital Scorpio Blue,27.99,80.0,0.35,5400,8.0,2.5,SATA 3.0 Gb/s,General,0.015054040934702329
Intel DC S3610,889.99,1600.0,0.556,SSD,0.0,2.5,SATA 6.0 Gb/s,Office,0.3613896464447648
Seagate 600,139.99,240.0,0.583,SSD,0.0,2.5,SATA 6.0 Gb/s,Office,0.05170223452133579
Intel 730,587.09,480.0,1.223,SSD,0.0,2.5,SATA 6.0 Gb/s,Office,0.04933677281120931
Patriot Viper Gaming VP4100,248.99,1000.0,0.249,SSD,0.0,M.2-2280,M.2 PCIe 4.0 X4,Gaming,1.0064701653486698
Transcend TS256GSSD230S,27.99,256.0,0.109,SSD,0.0,2.5,SATA 6.0 Gb/s,Office,0.29279132082870396
Intel 530,119.0,120.0,0.992,SSD,0.0,2.5,SATA 6.0 Gb/s,Office,0.015203476817955737
Intel 540s,99.0,240.0,0.412,SSD,0.0,2.5,SATA 6.0 Gb/s,Office,0.07310921297932226
Seagate Barracuda ES,60.0,750.0,0.08,7200,16.0,3.5,SATA 6.0 Gb/s,General,0.5886607911530027
Timetec 30TTQNS3SATA-2TB,73.86,2000.0,0.037,SSD,0.0,2.5,SATA 6.0 Gb/s,Office,6.621514245714934
Crucial M4,477.19,256.0,1.864,SSD,0.0,2.5,SATA 6.0 Gb/s,Office,0.017269193185607205
KingSpec XF-2280,31.99,512.0,0.062,SSD,0.0,M.2-2280,M.2 PCIe 4.0 X4,Gaming,2.0448917645179323
Seagate Barracuda LP,118.77,2000.0,0.059,5900,32.0,3.5,SATA 3.0 Gb/s,General,2.113587347232207
Samsung 830,921.69,512.0,1.8,SSD,0.0,2.5,SATA 6.0 Gb/s,Office,0.0357657360257162
Intel DC S3700,99.0,100.0,0.99,SSD,0.0,2.5,SATA 6.0 Gb/s,Office,0.012695133266254667
Nextorage NE5N,359.99,2000.0,0.18,SSD,0.0,M.2-2280,M.2 PCIe 5.0 X4,Gaming,3.4753804052094956
Neo Forza NFS10,39.99,960.0,0.042,SSD,0.0,2.5,SATA 6.0 Gb/s,Office,2.8087539498102414
Transcend 250S,299.99,4000.0,0.075,SSD,0.0,M.2-2280,M.2 PCIe 4.0 X4,Gaming,13.243028491429868
Lexar NM500,28.12,256.0,0.11,SSD,0.0,M.2-2280,M.2 PCIe 3.0 X2,General,0.4352303417723978
Seagate ST6000DX000,201.99,6000.0,0.034,7200,128.0,3.5,SATA 6.0 Gb/s,Storage,10.898634076204166
Kingston KC600B,67.47,512.0,0.132,SSD,0.0,2.5,SATA 6.0 Gb/s,Office,0.4843164705437208
ADATA Legend 740,49.99,1000.0,0.05,SSD,0.0,M.2-2280,M.2 PCIe 3.0 X4,General,3.700257960840698
Western Digital easystore,28.48,240.0,0.119,SSD,0.0,2.5,SATA 6.0 Gb/s,Office,0.25161754133716746
Mushkin Enhanced ECO,59.99,1000.0,0.06,SSD,0.0,2.5,SATA 6.0 Gb/s,Office,2.062438863419405
Samsung Spinpoint F1 DT,99.99,1000.0,0.1,7200,32.0,3.5,SATA 3.0 Gb/s,General,0.6327807475211934
Intel DC P3700,1188.0,800.0,1.485,SSD,0.0,PCIe,PCIe x4,General,0.03386507958777489
Samsung MZVPV512HDGL-00000,350.0,512.0,0.684,SSD,0.0,M.2-2280,M.2 PCIe 3.0 X4,General,0.14105275309995954
Silicon Power Slim S55,18.64,240.0,0.078,SSD,0.0,2.5,SATA 6.0 Gb/s,Office,0.3822038602589885
Pioneer APS-SE20G-512,107.59,512.0,0.21,SSD,0.0,M.2-2280,M.2 PCIe 3.0 X4,General,0.45792007522972655
Micron 9300 Pro,770.72,7680.0,0.1,SSD,0.0,2.5,U.2,General,4.783224548191698
Western Digital BLACK SN850 Call of Duty Edition,149.99,1000.0,0.15,SSD,0.0,M.2-2280,M.2 PCIe 4.0 X4,Gaming,1.666341333358725
Hitachi 0F14683,118.7,4000.0,0.03,7200,64.0,3.5,SATA 6.0 Gb/s,Storage,8.181628440898864
Hitachi Travelstar 5K500.B,69.0,250.0,0.276,5400,8.0,2.5,SATA 3.0 Gb/s,General,0.05768127752675138
PNY CS1111,197.0,240.0,0.821,SSD,0.0,2.5,SATA 6.0 Gb/s,Office,0.03673248778644781
Transcend TS1TSSD370S,599.99,1000.0,0.6,SSD,0.0,2.5,SATA 6.0 Gb/s,Office,0.2093323971191077
Kingston SSDNow KC400,126.01,256.0,0.492,SSD,0.0,2.5,SATA 6.0 Gb/s,Office,0.06532869227415301
Transcend TS120GSSD220S,19.47,120.0,0.162,SSD,0.0,2.5,SATA 6.0 Gb/s,Office,0.092619953866442
Toshiba HDKCC00,51.49,500.0,0.103,7200,16.0,2.5,SATA 6.0 Gb/s,General,0.30726372836365645
Toshiba S300,127.99,4000.0,0.032,5400,256.0,3.5,SATA 6.0 Gb/s,Storage,7.868766747271419
Intel 330,120.0,180.0,0.667,SSD,0.0,2.5,SATA 6.0 Gb/s,Office,0.033900566946624355
Corsair MP300,74.9,120.0,0.624,SSD,0.0,M.2-2280,M.2 PCIe 3.0 X2,General,0.03623292595255211
Kingston HyperX,712.69,240.0,2.97,SSD,0.0,2.5,SATA 6.0 Gb/s,Office,0.010162943440074079
Crucial BX300,105.42,240.0,0.439,SSD,0.0,2.5,SATA 6.0 Gb/s,Office,0.06862296581922749
VisionTek Data Fusion 2-way,412.72,240.0,1.72,SSD,0.0,PCIe,PCIe x2,General,0.008772255944352148
Patriot VPN100,296.72,1000.0,0.297,SSD,512.0,M.2-2280,M.2 PCIe 3.0 X4,General,0.6873042907666252
Toshiba MG08ADA400E,129.99,4000.0,0.032,7200,256.0,3.5,SATA 6.0 Gb/s,Storage,7.868766747271419
ADATA Premier Pro SP900,231.92,64.0,3.624,SSD,0.0,2.5,SATA 6.0 Gb/s,Office,0.0022211755373212024
Hyundai Technology Sapphire,19.98,120.0,0.166,SSD,0.0,2.5,SATA 6.0 Gb/s,Office,0.09040151185766494
ADATA Falcon,174.99,2000.0,0.087,SSD,0.0,M.2-2280,M.2 PCIe 3.0 X4,General,4.288935363701719
TEAMGROUP T-Create Expert,280.99,1000.0,0.281,SSD,0.0,M.2-2280,M.2 PCIe 3.0 X4,General,0.6691955886626794
HP S700 Pro,34.33,256.0,0.134,SSD,0.0,2.5,SATA 6.0 Gb/s,Office,0.23857070586042542
Hitachi Deskstar 7K1000.D,498.0,500.0,0.996,7200,32.0,3.5,SATA 6.0 Gb/s,General,0.03255633182797854
Seagate Momentus 7200.4,33.99,500.0,0.068,7200,16.0,2.5,SATA 3.0 Gb/s,General,0.463122141301743
Seagate Momentus,84.99,1000.0,0.085,5400,8.0,2.5,SATA 6.0 Gb/s,General,0.7343721264608026
Hitachi Deskstar NAS,678.88,10000.0,0.068,7200,256.0,3.5,SATA 6.0 Gb/s,Storage,9.233269777763883
Pioneer APS-SE20G-256,61.13,256.0,0.239,SSD,0.0,M.2-2280,M.2 PCIe 3.0 X4,General,0.20129403306973398
Micron 2400,89.79,1000.0,0.09,SSD,0.0,M.2-2230,M.2 PCIe 4.0 X4,Gaming,2.7650279267820603
Kingston SSDNOW DC500M,107.56,960.0,0.112,SSD,0.0,2.5,SATA 6.0 Gb/s,Office,1.068817874706552
Corsair Force LE,280.49,480.0,0.584,SSD,0.0,2.5,SATA 6.0 Gb/s,Office,0.10322770926653023
Western Digital WDBSLA0010HNC-NRSN,39.99,1000.0,0.04,7200,0.0,3.5,SATA 6.0 Gb/s,General,1.534253300836387
Kingston UV500,498.22,1920.0,0.259,SSD,0.0,2.5,SATA 6.0 Gb/s,Office,0.9290493833987722
OCZ Vertex 4,399.95,256.0,1.562,SSD,0.0,2.5,SATA 6.0 Gb/s,Office,0.02060591509351084
Seagate Momentus LP,49.99,1000.0,0.05,5400,8.0,2.5,SATA 3.0 Gb/s,General,1.2383529975613534
Transcend TS128GSSD230S,23.93,128.0,0.187,SSD,0.0,2.5,SATA 6.0 Gb/s,Office,0.08565703534882296
Hitachi Ultrastar He12,334.99,12000.0,0.028,7200,256.0,3.5,SATA 6.0 Gb/s,Storage,26.30704777014799
Hitachi Ultrastar,49.87,1000.0,0.05,7200,32.0,3.5,SATA 6.0 Gb/s,General,1.2531540294047163
Seagate Momentus 5400.6,33.97,500.0,0.068,5400,8.0,2.5,SATA 3.0 Gb/s,General,0.459475510267871
Intel 520,148.08,180.0,0.823,SSD,0.0,2.5,SATA 6.0 Gb/s,Office,0.027482498447020717
Transcend TS64GSSD370S,50.14,64.0,0.783,SSD,0.0,2.5,SATA 6.0 Gb/s,Office,0.01027010372804765
PNY CS2240,41.92,500.0,0.084,SSD,0.0,M.2-2280,M.2 PCIe 4.0 X4,Gaming,1.4801031843362789
Leven JPN600,79.98,2000.0,0.04,SSD,0.0,M.2-2280,M.2 PCIe 3.0 X4,General,9.205519805018321
Intel X25-M,199.0,160.0,1.244,SSD,0.0,2.5,SATA 3.0 Gb/s,Office,0.01616819542728787
Hitachi 5K3000,266.99,2000.0,0.133,5400,32.0,3.5,SATA 6.0 Gb/s,General,0.9463823942830776
Samsung PM883,74.3,480.0,0.155,SSD,0.0,2.5,SATA 6.0 Gb/s,Office,0.3871039097494884
Western Digital Scorpio Black,58.49,500.0,0.117,7200,16.0,2.5,SATA 3.0 Gb/s,General,0.27080870974423954
Toshiba MK5061GSYN,55.0,500.0,0.11,7200,16.0,2.5,SATA 3.0 Gb/s,General,0.2878867364848673
Hitachi Travelstar Z5K500,150.0,500.0,0.3,5400,8.0,2.5,SATA 3.0 Gb/s,General,0.10532827311788406
SanDisk Extreme,159.99,120.0,1.333,SSD,0.0,2.5,SATA 6.0 Gb/s,Office,0.011317130794775148
Seagate ST4000VN000,117.84,4000.0,0.029,5900,64.0,3.5,SATA 6.0 Gb/s,General,8.454349388928826
Hitachi HDN724040ALE640,115.18,4000.0,0.029,7200,0.0,3.5,SATA 6.0 Gb/s,Storage,8.387251377905582
Toshiba MQ04ABD200,74.87,2000.0,0.037,5400,128.0,2.5,SATA 6.0 Gb/s,General,3.4167013507889052
Western Digital WDBMYH0010BNC-NRSN,38.0,1000.0,0.038,5400,8.0,2.5,SATA 3.0 Gb/s,General,1.6193846891186934
Toshiba MG08ADA600E,169.99,6000.0,0.028,7200,256.0,3.5,SATA 6.0 Gb/s,Storage,13.29234735615657
Intel X25-V,59.99,40.0,1.5,SSD,0.0,2.5,SATA 3.0 Gb/s,Office,0.003352665440868321
Hitachi Travelstar,39.95,1000.0,0.04,7200,32.0,2.5,SATA 6.0 Gb/s,General,1.5588013536497691
Intel D3-S4510,110.25,960.0,0.115,SSD,0.0,2.5,SATA 6.0 Gb/s,Office,1.0411760331193136
Lenovo 4XB0W79582,399.99,1000.0,0.4,SSD,0.0,M.2-2280,M.2 PCIe 3.0 X4,General,0.4706063740720089
Intel Pro 6000p,108.0,512.0,0.211,SSD,0.0,M.2-2280,M.2 PCIe 3.0 X4,General,0.4557600748748694
VisionTek PRO2,26.36,250.0,0.105,SSD,0.0,M.2-2280,M.2 PCIe 3.0 X4,General,0.4450781981199896
Seagate Barracuda XT,187.36,2000.0,0.094,7200,64.0,3.5,SATA 6.0 Gb/s,General,1.3454916947292743
Toshiba MK6465GSX,26.0,640.0,0.041,5400,8.0,2.5,SATA 3.0 Gb/s,General,0.9645339084591419
Seagate ST4000NC001,119.0,4000.0,0.03,5900,64.0,3.5,SATA 6.0 Gb/s,General,8.181628440898864
Transcend TS240GSSD220S,25.46,240.0,0.106,SSD,0.0,2.5,SATA 6.0 Gb/s,Office,0.28218789682672984
Toshiba MG06ACA800E,237.31,8000.0,0.03,7200,256.0,3.5,SATA 6.0 Gb/s,Storage,16.493123999907237
Mushkin SOURCE 2,61.63,1000.0,0.062,SSD,0.0,2.5,SATA 6.0 Gb/s,Office,1.9969646137870436
Seagate Constellation.2,92.98,1000.0,0.093,7200,64.0,2.5,SATA 6.0 Gb/s,General,0.6906098474998852
Toshiba MK1059GSM,206.99,1000.0,0.207,5400,8.0,2.5,SATA 3.0 Gb/s,General,0.303634629209755
Kingston SSDNow KC100,38.27,240.0,0.159,SSD,0.0,2.5,SATA 6.0 Gb/s,Office,0.18871315600287558
PNY Optima,188.88,240.0,0.787,SSD,0.0,2.5,SATA 6.0 Gb/s,Office,0.03831739208180215
Intel DC S3710,148.31,200.0,0.742,SSD,0.0,2.5,SATA 6.0 Gb/s,Office,0.03386507958777489
HP 2DP97AA#ABC,35.99,120.0,0.3,SSD,0.0,2.5,SATA 6.0 Gb/s,Office,0.05015632053232574
Toshiba MG06ACA10TE,249.99,10000.0,0.025,7200,256.0,3.5,SATA 6.0 Gb/s,Storage,24.503677487142614
Intel DC S3520,245.0,480.0,0.51,SSD,0.0,2.5,SATA 6.0 Gb/s,Office,0.1181765360487675
Verbatim Vi3000,122.28,1000.0,0.122,SSD,0.0,M.2-2280,M.2 PCIe 3.0 X4,General,1.534253300836387
Western Digital WDBMYH5000ANC-NRSN,24.94,500.0,0.05,5400,8.0,2.5,SATA 3.0 Gb/s,General,0.6216433374212372
TEAMGROUP MP44S,195.99,2000.0,0.098,SSD,0.0,M.2-2242,M.2 PCIe 4.0 X4,Gaming,5.08318265327611
Seagate 1200 SSD,3187.5,800.0,3.984,SSD,0.0,2.5,SAS 12.0 Gb/s,General,0.012628232940384817
Hitachi 0B36040,100.98,4000.0,0.025,7200,256.0,3.5,SATA 6.0 Gb/s,Storage,9.987280871536802
Addlink X70,154.99,2000.0,0.077,SSD,0.0,M.2-2280,M.2 PCIe 3.0 X4,General,4.8387988718686055
Samsung Spinpoint MP4,29.99,250.0,0.12,7200,16.0,2.5,SATA 3.0 Gb/s,General,0.13412670591939918
Toshiba XG3,149.99,512.0,0.293,SSD,0.0,M.2-2280,M.2 PCIe 3.0 X4,General,0.3286433192975248
Seagate Barracuda 7200.9,39.99,160.0,0.25,7200,8.0,3.5,SATA 6.0 Gb/s,General,0.041100873286150856
Seagate Exos X10,811.0,10000.0,0.081,7200,256.0,3.5,SAS 12.0 Gb/s,Storage,3.9338254633444962
Intel DC S3110,79.0,256.0,0.309,SSD,0.0,M.2-2280,M.2 SATA,Office,0.10389369448760463
Mushkin Delta,745.03,4000.0,0.186,SSD,0.0,M.2-2280,M.2 PCIe 4.0 X4,Gaming,5.3821933975864695
Hitachi 0J11563,36.99,750.0,0.049,5400,8.0,2.5,SATA 3.0 Gb/s,General,0.9485981308411213
Hitachi Travelstar 7K500,105.65,500.0,0.211,7200,16.0,2.5,SATA 3.0 Gb/s,General,0.15073314976330315
Hitachi Ultrastar 7K4000,498.0,2000.0,0.249,7200,64.0,3.5,SATA 6.0 Gb/s,General,0.5112868439971242
Samsung Data Center,109.0,240.0,0.454,SSD,0.0,2.5,SATA 6.0 Gb/s,Office,0.06636067024276944
Intel 535,149.0,240.0,0.621,SSD,0.0,2.5,SATA 6.0 Gb/s,Office,0.04854357710684903
SanDisk Z400s,177.53,128.0,1.387,SSD,0.0,M.2-2280,M.2 SATA,Office,0.011601961560215214
Transcend TS480GSSD220S,33.65,480.0,0.07,SSD,0.0,2.5,SATA 6.0 Gb/s,Office,0.8505381679002844
Verbatim Vi560,42.53,512.0,0.083,SSD,0.0,M.2-2280,M.2 SATA,Office,0.7668344116942246
Seagate Enterprise Performance,289.89,2400.0,0.121,10000,256.0,2.5,SAS 12.0 Gb/s,General,0.6847297026552426
Hitachi HUC101212CSS600,50.0,1200.0,0.042,10000,64.0,2.5,SAS 6.0 Gb/s,General,0.9245481751458712
Western Digital Ae,122.0,6000.0,0.02,5760,64.0,3.5,SATA 6.0 Gb/s,General,18.06853582554517
TEAMGROUP T-Force Vulcan,135.88,1000.0,0.136,SSD,0.0,2.5,SATA 6.0 Gb/s,Office,0.9183121946611951
KIOXIA EXCERIA PLUS,288.0,1000.0,0.288,SSD,0.0,M.2-2280,M.2 PCIe 3.0 X4,General,0.6529866989718879
Samsung Spinpoint F3R,110.0,1000.0,0.11,7200,32.0,3.5,SATA 3.0 Gb/s,General,0.5757734729697346
Seagate ST3000VX002,54.96,3000.0,0.018,5900,64.0,3.5,SATA 6.0 Gb/s,General,10.03821559650384
Transcend MTS400,131.63,256.0,0.514,SSD,0.0,M.2-2242,M.2 SATA,Office,0.06253795202166493
Toshiba S300 Pro,234.99,10000.0,0.023,7200,256.0,3.5,SATA 6.0 Gb/s,Storage,26.545650611071167
Western Digital SN520,199.88,512.0,0.39,SSD,0.0,M.2-2280,M.2 PCIe 3.0 X2,General,0.24711287947179617
Western Digital RE4-GP,109.95,2000.0,0.055,5900,64.0,3.5,SATA 3.0 Gb/s,General,2.2825305535585905
Toshiba MK7559GSXP,62.5,750.0,0.083,5400,8.0,2.5,SATA 3.0 Gb/s,General,0.5646417445482865
Western Digital WDBMMA0030HNC-NRSN,64.98,3000.0,0.022,5400,64.0,3.5,SATA 6.0 Gb/s,General,8.292438971024911
Kingston SSDNow KC300,50.0,60.0,0.833,SSD,0.0,2.5,SATA 6.0 Gb/s,Office,0.009050990695581563
Dell 342-3520,239.0,1000.0,0.239,7200,0.0,2.5,SAS 3.0 Gb/s,General,0.1310508027797747
Seagate Archive,213.99,8000.0,0.027,5900,128.0,3.5,SATA 6.0 Gb/s,General,18.116462976276058
Transcend TS256GSSD370S,118.69,256.0,0.464,SSD,0.0,2.5,SATA 6.0 Gb/s,Office,0.06926246299173643
Intel Pro 5400s,843.0,1000.0,0.843,SSD,0.0,2.5,SATA 6.0 Gb/s,Office,0.1490625244888433
Plextor M9Pe,163.93,1000.0,0.164,SSD,0.0,M.2-2280,M.2 PCIe 3.0 X4,General,1.1437160969871247
Seagate ST500VM000,27.0,500.0,0.054,5900,64.0,3.5,SATA 6.0 Gb/s,General,0.6084569635971505
V7 S6000,144.1,1000.0,0.144,SSD,0.0,2.5,SATA 6.0 Gb/s,Office,0.8676466942660948
Lenovo 5300,279.0,480.0,0.581,SSD,0.0,2.5,SATA 6.0 Gb/s,Office,0.10375981086068761
VisionTek PRO HXS,56.62,256.0,0.221,SSD,0.0,2.5,SATA 6.0 Gb/s,Office,0.14507678059079926
Toshiba MG06ACA600E,159.99,6000.0,0.027,7200,256.0,3.5,SATA 6.0 Gb/s,Storage,13.767074047447878
Addlink A95,269.99,4000.0,0.067,SSD,0.0,M.2-2280,M.2 PCIe 4.0 X4,Gaming,14.801031843362791
HP FX900,54.99,1000.0,0.055,SSD,0.0,M.2-2280,M.2 PCIe 4.0 X4,Gaming,4.493170381020848
Seagate ST1000NX0313,85.0,1000.0,0.085,7200,128.0,2.5,SATA 6.0 Gb/s,General,0.7782589069265877
Western Digital RE2-GP,58.28,1000.0,0.058,7200,16.0,3.5,SATA 3.0 Gb/s,General,1.0747054307960373
Verbatim Verbatim SATA III,50.0,120.0,0.417,SSD,0.0,2.5,SATA 6.0 Gb/s,Office,0.03611735043117236
Intel SSDSC2BB080G601,98.94,80.0,1.237,SSD,0.0,2.5,SATA 6.0 Gb/s,Office,0.00812980747454499
Seagate Nytro Enterprise,399.0,960.0,0.416,SSD,0.0,2.5,SATA 6.0 Gb/s,Office,0.28963170225861
PNY XLR8 CS2311,106.14,500.0,0.212,SSD,0.0,2.5,SATA 6.0 Gb/s,Office,0.2953257527431543
Intel D3-S4620,448.99,3840.0,0.117,SSD,0.0,2.5,SATA 6.0 Gb/s,General,4.094115926842047
VisionTek DLX4 Pro,115.99,1000.0,0.116,SSD,0.0,M.2-2280,M.2 PCIe 4.0 X4,Gaming,2.1505772763860467
Hitachi E7K1000,67.0,500.0,0.134,7200,32.0,3.5,SATA 3.0 Gb/s,General,0.24043453949996
OCZ Agility 3,89.95,60.0,1.499,SSD,0.0,2.5,SATA 6.0 Gb/s,Office,0.005032350826743349
Samsung Spinpoint M,34.95,160.0,0.218,5400,8.0,2.5,SATA 1.5 Gb/s,General,0.0471064803416615
Toshiba MK2576GSX,29.97,250.0,0.12,5400,8.0,2.5,SATA 3.0 Gb/s,General,0.13204722210669534
Hitachi Travelstar 7K750,76.73,750.0,0.102,7200,16.0,2.5,SATA 3.0 Gb/s,General,0.4629274182853712
Seagate Momentus XT,95.0,750.0,0.127,7200,32.0,2.5,SATA 6.0 Gb/s,General,0.3764434309849029
Intel DC S3500,282.0,480.0,0.588,SSD,0.0,2.5,SATA 6.0 Gb/s,Office,0.1025266721917151
Lenovo 0A65633,52.99,1000.0,0.053,5400,8.0,2.5,SATA 3.0 Gb/s,General,1.1695556088079448
Kingston KC300,239.99,480.0,0.5,SSD,0.0,2.5,SATA 6.0 Gb/s,Office,0.12053534914355328
Transcend SSD370,198.77,512.0,0.388,SSD,0.0,2.5,SATA 6.0 Gb/s,Office,0.16558892180543666
Crucial BX200,251.99,960.0,0.262,SSD,0.0,2.5,SATA 6.0 Gb/s,Office,0.4592259309575679
Pioneer APS-SE20G-1T,169.87,1000.0,0.17,SSD,0.0,M.2-2280,M.2 PCIe 3.0 X4,General,1.1035857076191555
Centon MP Essential,33.99,240.0,0.142,SSD,0.0,2.5,SATA 6.0 Gb/s,Office,0.21114758713608459
Klevv NEO N610,92.65,1000.0,0.093,SSD,0.0,2.5,SATA 6.0 Gb/s,Office,1.3383911773253587
KIOXIA BG5 SED,44.99,256.0,0.176,SSD,0.0,M.2-2230,M.2 PCIe 4.0 X4,Gaming,0.36392141571929315
Hitachi Ultrastar C10K1200,40.84,1200.0,0.034,10000,64.0,2.5,SAS 6.0 Gb/s,General,1.1358734723220703
Seagate Cheetah 15K.7,74.0,600.0,0.123,15000,16.0,3.5,SAS 6.0 Gb/s,General,0.15624637647549913
Kingston DC500M,328.28,3840.0,0.085,SSD,0.0,2.5,SATA 6.0 Gb/s,General,5.617507899620483
Seagate ST3146356SS-IM,68.0,146.0,0.466,15000,16.0,3.5,SAS 3.0 Gb/s,General,0.010910610732500301
Intel SSDMCEAW120A401,89.0,120.0,0.742,SSD,0.0,mSATA,mSATA,Office,0.020319047752664934
OCZ TRION 150,774.59,960.0,0.807,SSD,0.0,2.5,SATA 6.0 Gb/s,Office,0.14947576713099056
Mushkin Source,289.26,2000.0,0.145,SSD,2048.0,2.5,SATA 6.0 Gb/s,Office,2.1646002186265916
OCZ Vertex 460,200.0,120.0,1.667,SSD,0.0,2.5,SATA 6.0 Gb/s,Office,0.009050990695581563
Toshiba MQ02ABF100,55.0,1000.0,0.055,5400,16.0,2.5,SATA 6.0 Gb/s,General,1.1322789360172536
Transcend TS128GMSA370,149.52,128.0,1.168,SSD,0.0,mSATA,mSATA,Office,0.013775468473548947
Western Digital AV,22.0,320.0,0.069,5400,0.0,2.5,SATA 6.0 Gb/s,General,0.2875629043853342
Lexar NS200,59.99,240.0,0.25,SSD,0.0,2.5,SATA 6.0 Gb/s,Office,0.12029523888629519
Sony Optiarc,37.95,240.0,0.158,SSD,0.0,2.5,SATA 6.0 Gb/s,Office,0.1899000311978622
Western Digital RE3,59.0,500.0,0.118,7200,16.0,3.5,SATA 3.0 Gb/s,General,0.2685330063010107
Hitachi A7K1000-750,38.99,750.0,0.052,7200,32.0,3.5,SATA 3.0 Gb/s,General,0.9091463993597654
Hitachi 7K1000.B,38.29,160.0,0.239,7200,8.0,3.5,SATA 3.0 Gb/s,General,0.042984663311766105
Corsair Force GT,470.44,180.0,2.614,SSD,0.0,2.5,SATA 6.0 Gb/s,Office,0.008659877139711308
Hitachi Deskstar 5K3000,123.73,3000.0,0.041,5400,32.0,3.5,SATA 6.0 Gb/s,General,4.517133956386292
Toshiba PH3300U-1I72,159.0,3000.0,0.053,7200,64.0,3.5,SATA 6.0 Gb/s,General,3.531964746918018
Seagate ST4000VM000,134.99,4000.0,0.034,5900,64.0,3.5,SATA 6.0 Gb/s,General,7.246585190510421
Hitachi Ultrastar C10K900,55.0,900.0,0.061,10000,64.0,2.5,SAS 6.0 Gb/s,General,0.4890308666311078
Kingston SSDNow V+200,69.98,120.0,0.583,SSD,0.0,2.5,SATA 6.0 Gb/s,Office,0.025851117260667893
Lenovo ThinkPad,99.0,500.0,0.198,7200,32.0,2.5,SATA 3.0 Gb/s,General,0.16310885845474674
PNY Prevail,484.69,120.0,4.039,SSD,0.0,2.5,SATA 6.0 Gb/s,Office,0.003736894178274764
Seagate 600 Pro,199.0,480.0,0.415,SSD,0.0,2.5,SATA 6.0 Gb/s,Office,0.14516396615605817
VisionTek GoDrive,48.73,480.0,0.102,SSD,0.0,2.5,SATA 6.0 Gb/s,Office,0.5862933002031085
Seagate ST4000VX000,179.99,4000.0,0.045,5900,64.0,3.5,SATA 6.0 Gb/s,General,5.513706123214452
Seagate ST320LM010,19.89,320.0,0.062,7200,32.0,2.5,SATA 6.0 Gb/s,General,0.3354900551162233
Silicon Power S60 3K P/E,79.98,240.0,0.333,SSD,0.0,2.5,SATA 6.0 Gb/s,Office,0.09040151185766494
ADATA XPG SX930,242.16,120.0,2.018,SSD,0.0,2.5,SATA 6.0 Gb/s,Office,0.007477490084314041
Transcend TS512GSSD370S,198.77,512.0,0.388,SSD,0.0,2.5,SATA 6.0 Gb/s,Office,0.16558892180543666
Hitachi 0F23663,877.0,6000.0,0.146,7200,128.0,3.5,SATA 6.0 Gb/s,Storage,2.5949128752867066
Kingston UV500B,738.0,1920.0,0.384,SSD,0.0,2.5,SATA 6.0 Gb/s,Office,0.6274099732043656
Mushkin PILOT,165.99,1000.0,0.166,SSD,0.0,M.2-2280,M.2 PCIe 3.0 X4,General,1.130018898220812
Toshiba MG04ACA200E,125.99,2000.0,0.063,7200,128.0,3.5,SATA 6.0 Gb/s,General,2.0286664270309127
Toshiba MD04ACA600,395.67,6000.0,0.066,7200,128.0,3.5,SATA 6.0 Gb/s,Storage,5.693316308464864
Intel DC S4600,356.33,1900.0,0.188,SSD,0.0,2.5,SATA 6.0 Gb/s,Office,1.2647442553984607
Toshiba XG6,99.99,512.0,0.195,SSD,0.0,M.2-2280,M.2 PCIe 3.0 X4,General,0.49296497894628727
V7 V7SSD240GBS25U,36.67,240.0,0.153,SSD,0.0,2.5,SATA 6.0 Gb/s,Office,0.19606561662636424
V7 V7SSD1TBS25U,51.65,1000.0,0.052,SSD,0.0,2.5,SATA 6.0 Gb/s,Office,2.373750389973278
Inland TN436,104.99,1000.0,0.105,SSD,0.0,M.2-2230,M.2 PCIe 4.0 X4,Gaming,2.373750389973278
Fantom Drives VENOM8 PS5,139.44,2000.0,0.07,SSD,0.0,M.2-2280,M.2 PCIe 4.0 X4,Gaming,7.087818065835703
Transcend TS64GMSA370,44.23,64.0,0.691,SSD,0.0,mSATA,mSATA,Office,0.011635493241025086
Hitachi 0J11561,34.99,500.0,0.07,5400,8.0,2.5,SATA 3.0 Gb/s,General,0.4465325381476492
Toshiba PH2100U-1I54,94.8,1000.0,0.095,5400,8.0,2.5,SATA 6.0 Gb/s,General,0.6578750299544692
Toshiba MG03SCA,58.99,1000.0,0.059,7200,64.0,3.5,SAS 6.0 Gb/s,General,0.5577522166307213
Western Digital WDBH2D5000ENC-NRSN,40.0,500.0,0.08,7200,32.0,3.5,SATA 3.0 Gb/s,General,0.4007242324999334
VisionTek 900802,28.49,256.0,0.111,SSD,0.0,2.5,SATA 6.0 Gb/s,Office,0.2875629043853342
V7 V7SSD480GBM2SU,36.13,480.0,0.075,SSD,0.0,M.2-2280,M.2 SATA,Office,0.794581709485792
VisionTek DLX3,156.99,2000.0,0.078,SSD,0.0,M.2-2280,M.2 PCIe 3.0 X4,General,4.777548253237356
Samsung Spinpoint M7,65.0,320.0,0.203,5400,8.0,2.5,SATA 3.0 Gb/s,General,0.09990696494269884
Samsung Spinpoint M7E,89.99,320.0,0.281,5400,8.0,2.5,SATA 3.0 Gb/s,General,0.07227312357556936
Seagate Barracuda ES.2,85.0,750.0,0.113,7200,32.0,3.5,SATA 3.0 Gb/s,General,0.42267332601813656
Kingston SSDNow V+100,159.99,128.0,1.25,SSD,0.0,2.5,SATA 3.0 Gb/s,Office,0.01287252010038267
Hitachi 0Y30055,135.0,500.0,0.27,5400,8.0,2.5,SATA 3.0 Gb/s,General,0.11698822955159814
Intel 335,219.0,240.0,0.912,SSD,0.0,2.5,SATA 6.0 Gb/s,Office,0.03307130882854336
Western Digital WDBMMA0020HNC-NRSN,79.95,2000.0,0.04,5400,64.0,3.5,SATA 6.0 Gb/s,General,3.1176027072995383
Toshiba MG03ACA,93.99,2000.0,0.047,7200,64.0,3.5,SATA 6.0 Gb/s,General,2.6629523124850225
Seagate Constellation Product Series:ES.3,175.0,4000.0,0.044,7200,128.0,3.5,SAS 6.0 Gb/s,Storage,2.8852144739995205
Seagate ST500LT032,68.42,500.0,0.137,5400,16.0,2.5,SATA 6.0 Gb/s,General,0.2315610706508715
Samsung SM843TN,239.0,480.0,0.498,SSD,0.0,2.5,SATA 6.0 Gb/s,Office,0.12101845675535108
Kingston SSDNow V310,300.0,960.0,0.312,SSD,0.0,2.5,SATA 6.0 Gb/s,Office,0.38586715604421845
Seagate ST2000NM0024,237.0,2000.0,0.118,7200,128.0,3.5,SATA 6.0 Gb/s,General,1.091047490167886
Hitachi Travelstar Z7K500,150.0,500.0,0.3,7200,32.0,2.5,SATA 6.0 Gb/s,General,0.10783608914450035
Seagate Enterprise NAS,239.0,5000.0,0.048,7200,128.0,3.5,SATA 6.0 Gb/s,Storage,6.500975659854163
Dell K054N,109.0,600.0,0.182,10000,16.0,3.5,SAS 6.0 Gb/s,General,0.10587186165552949
Western Digital Purple NV,165.0,6000.0,0.028,5400,64.0,3.5,SATA 6.0 Gb/s,Storage,13.084112149532707
Intel SSDSC2BB240G601,315.0,240.0,1.312,SSD,0.0,2.5,SATA 6.0 Gb/s,Office,0.022996271866306244
Intel SSDSC2BB800G601,349.19,800.0,0.436,SSD,0.0,2.5,SATA 6.0 Gb/s,Office,0.230313538981389
PNY CS2211,149.99,480.0,0.312,SSD,0.0,2.5,SATA 6.0 Gb/s,Office,0.19293357802210923
Transcend TS960GSSD220S,102.87,960.0,0.107,SSD,0.0,2.5,SATA 6.0 Gb/s,Office,1.1183001837207442
SanDisk Z410,170.9,480.0,0.356,SSD,0.0,2.5,SATA 6.0 Gb/s,Office,0.1691546496384319
Hitachi 0F10942,125.0,2000.0,0.062,7200,32.0,3.5,SATA 6.0 Gb/s,General,2.0129403306973397
VisionTek PRO,137.69,500.0,0.275,SSD,0.0,M.2-2280,M.2 SATA,Office,0.2279144396169995
Toshiba MG07ACA14TA,380.15,14000.0,0.027,7200,256.0,3.5,SATA 6.0 Gb/s,Storage,31.739755571531266
Intel DC S4500,371.95,1900.0,0.196,SSD,0.0,2.5,SATA 6.0 Gb/s,Office,1.2133840825904012
VisionTek PRO XMN,70.81,256.0,0.277,SSD,0.0,M.2-2280,M.2 PCIe 3.0 X4,General,0.173779021355166
VisionTek PRO ECS,159.99,1000.0,0.16,SSD,0.0,2.5,SATA 6.0 Gb/s,Office,0.7814209358297126
Mushkin SOURCE 2 LT,30.36,250.0,0.121,SSD,0.0,2.5,SATA 6.0 Gb/s,Office,0.25780485792742563
Toshiba MG04ACA100N,102.69,1000.0,0.103,7200,128.0,3.5,SATA 6.0 Gb/s,General,0.6435602499585246
V7 V7SSD240GBM2SU,24.1,240.0,0.1,SSD,0.0,M.2-2280,M.2 SATA,Office,0.2989515342619811
Micron 5210 ION,359.0,1920.0,0.187,SSD,0.0,2.5,SATA 6.0 Gb/s,Office,1.2848555302323443
KingSpec NX-2230,56.99,512.0,0.111,SSD,0.0,M.2-2230,M.2 PCIe 3.0 X4,General,0.8626887131560027
Seagate ST6000NM0104,120.02,6000.0,0.02,7200,128.0,3.5,SATA 6.0 Gb/s,Storage,18.164390127006946
Samsung Spinpoint M5,44.95,160.0,0.281,5400,8.0,2.5,PATA 44-Pin 100,General,0.018737476482555023
Intel DC P3500,427.5,2000.0,0.214,SSD,0.0,2.5,U.2,General,0.5851570728771337
Angelbird AV PRO XT,369.99,500.0,0.74,SSD,0.0,2.5,SATA 6.0 Gb/s,Office,0.08489120827839658
IBM 43X0805,79.0,300.0,0.263,15000,16.0,3.5,SAS 3.0 Gb/s,General,0.03764732152582619
VisionTek mSATA,78.5,240.0,0.327,SSD,0.0,mSATA,mSATA,Office,0.09205519805018322
Seagate Savvio 15K.3,121.45,300.0,0.405,15000,64.0,2.5,SAS 6.0 Gb/s,General,0.028198517563648075
Seagate ST1000NX0333,105.0,1000.0,0.105,7200,128.0,2.5,SAS 12.0 Gb/s,General,0.3346988049862323
Hitachi 0F27402,257.01,10000.0,0.026,7200,256.0,3.5,SAS 12.0 Gb/s,Storage,11.947173629416618
Plextor M8VC,147.05,128.0,1.149,SSD,256.0,2.5,SATA 6.0 Gb/s,Office,0.02100459475510268
Western Digital RE2,120.0,750.0,0.16,7200,16.0,3.5,SATA 3.0 Gb/s,General,0.29615853467946107
Hitachi 7K1000,104.92,1000.0,0.105,7200,32.0,3.5,SATA 3.0 Gb/s,General,0.6029325990532126
Seagate Momentu,52.49,500.0,0.105,7200,16.0,2.5,SATA 3.0 Gb/s,General,0.3014662995266063
Seagate Constellation,108.35,160.0,0.677,7200,32.0,2.5,SATA 3.0 Gb/s,General,0.01632916197468343
Hitachi Travelstar Z7K320,92.45,250.0,0.37,7200,16.0,2.5,SATA 3.0 Gb/s,General,0.04374482861522183
OCZ V3LT-25SAT3-240G,229.35,240.0,0.956,SSD,0.0,2.5,SATA 6.0 Gb/s,Office,0.03155078888240344
Seagate Constellation CS,150.0,3000.0,0.05,7200,64.0,3.5,SATA 6.0 Gb/s,General,3.7397273790896652
Lenovo 0A89478,142.6,3000.0,0.048,7200,32.0,3.5,SATA 6.0 Gb/s,General,3.871829105473964
Toshiba MKx001GRZB,399.0,100.0,3.99,SSD,0.0,2.5,SAS 6.0 Gb/s,General,0.0015761559843220211
Toshiba MG03SCA400,130.99,4000.0,0.033,7200,64.0,3.5,SAS 6.0 Gb/s,Storage,3.759462088214149
Toshiba AL13SEB600,43.73,600.0,0.073,10500,64.0,2.5,SAS 6.0 Gb/s,General,0.28221967474303916
IBM 90Y8572,399.0,2000.0,0.199,7200,0.0,3.5,SAS 6.0 Gb/s,General,0.31452192667145934
Kingston E50 Enterprise,455.29,240.0,1.897,SSD,0.0,2.5,SATA 6.0 Gb/s,Office,0.015908379852718705
Plextor M6M,677.77,512.0,1.324,SSD,0.0,mSATA,mSATA,Office,0.04861440798665274
Seagate ST2000NM0054,125.0,2000.0,0.062,7200,128.0,3.5,SAS 12.0 Gb/s,General,1.062385174534707
Seagate ST2000NX0273,248.99,2000.0,0.124,7200,128.0,2.5,SAS 12.0 Gb/s,General,0.5354421279654924
Seagate ST4000NM0034,165.0,4000.0,0.041,7200,128.0,3.5,SAS 12.0 Gb/s,Storage,3.091301222142343
Seagate ST6000NM0084,428.21,6000.0,0.071,7200,128.0,3.5,SATA 6.0 Gb/s,Storage,5.297947120377026
Toshiba PH3400U-1I72,145.24,4000.0,0.036,7200,128.0,3.5,SATA 6.0 Gb/s,Storage,6.909281675636814
VisionTek Go Drive,269.52,1000.0,0.27,SSD,0.0,2.5,SATA 6.0 Gb/s,Office,0.46423900615713554
Seagate ST600MM0158,149.0,600.0,0.248,10000,128.0,2.5,SAS 12.0 Gb/s,General,0.09195661149269975
Seagate ST900MM0128,129.0,900.0,0.143,10000,128.0,2.5,SAS 12.0 Gb/s,General,0.2245337087626807
Transcend TS256GMSA370,194.26,256.0,0.759,SSD,0.0,mSATA,mSATA,Office,0.04237769117257557
Transcend TS512GMSA370,265.66,512.0,0.519,SSD,0.0,mSATA,mSATA,Office,0.12387325111983628
Seagate ST6000NM0014,140.0,6000.0,0.023,7200,128.0,3.5,SAS 12.0 Gb/s,Storage,8.030793194344595
Seagate ST1800MM0128,1098.0,1800.0,0.61,10000,128.0,2.5,SAS 12.0 Gb/s,General,0.09924685345704969
Hitachi s842,298.81,800.0,0.374,SSD,0.0,2.5,SAS 6.0 Gb/s,General,0.1341960220464893
Seagate ST2000NX0343,375.07,2000.0,0.188,7200,128.0,2.5,SAS 12.0 Gb/s,General,0.354128391511569
Seagate ST1000NX0373,114.99,1000.0,0.115,7200,128.0,2.5,SAS 12.0 Gb/s,General,0.3058454597287984
Intel SSDSC2BB480G601,287.97,480.0,0.6,SSD,0.0,2.5,SATA 6.0 Gb/s,Office,0.1004795506171717
Mushkin Atlas Vital,120.99,250.0,0.484,SSD,0.0,M.2-2280,M.2 SATA,Office,0.06484988178792978
PNY CS1211,65.06,480.0,0.136,SSD,0.0,2.5,SATA 6.0 Gb/s,Office,0.44078985343737365
Transcend TS128GSSD370S,59.99,128.0,0.469,SSD,0.0,2.5,SATA 6.0 Gb/s,Office,0.03426281413952919
Patriot Torch LE,53.14,960.0,0.055,SSD,0.0,2.5,SATA 6.0 Gb/s,Office,2.1567217828900067
Hitachi 0F22941,140.0,4000.0,0.035,7200,128.0,3.5,SAS 12.0 Gb/s,Storage,3.6065180924994
Hitachi 0F23090,359.95,4000.0,0.09,7200,128.0,3.5,SAS 12.0 Gb/s,Storage,1.4267544102195429
Hitachi 0F27406,274.99,8000.0,0.034,7200,256.0,3.5,SAS 12.0 Gb/s,Storage,7.419122933141623
Hitachi 0F30144,331.99,12000.0,0.028,7200,256.0,3.5,SAS 12.0 Gb/s,Storage,13.29234735615657
VisionTek PRO XPN,348.77,2000.0,0.174,SSD,0.0,M.2-2280,M.2 PCIe 3.0 X4,General,2.1567217828900067
Intel DC P4801X,307.99,100.0,3.08,SSD,0.0,2.5,U.2,General,0.002041687287708272
Angelbird AV PRO MK3,399.99,1000.0,0.4,SSD,0.0,2.5,SATA 6.0 Gb/s,Office,0.3137375827146726
V7 V7SSD480GBS25U,31.58,480.0,0.066,SSD,0.0,2.5,SATA 6.0 Gb/s,Office,0.9013165659838834
V7 V7SSD128GBNV3U,29.99,128.0,0.234,SSD,0.0,M.2-2280,M.2 PCIe 3.0 X4,General,0.10278844241858755
